parcel_id,crop_code,crop_name,crop_purity,area_mu,area_ha,area_m2,perimeter_m,compactness,machinery_suitability,center_lon,center_lat
GLC10_P0001,10,大田农作物 (通用耕地),0.984,728.85,48.59,485900.0,4847.8,0.26,良 (标准规整农机作业区),-13.389377,16.06714
GLC10_P0002,10,大田农作物 (通用耕地),0.941,727.5,48.5,485000.0,6278.2,0.155,良 (标准规整农机作业区),-13.286228,16.19168
GLC10_P0003,10,大田农作物 (通用耕地),0.991,727.05,48.47,484700.0,3674.7,0.451,优 (集中连片优质适机区),-13.51947,16.103983
GLC10_P0004,10,大田农作物 (通用耕地),0.947,694.65,46.31,463100.0,6701.1,0.13,良 (标准规整农机作业区),-13.814169,16.076668
GLC10_P0005,10,大田农作物 (通用耕地),0.976,651.0,43.4,434000.0,4285.8,0.297,良 (标准规整农机作业区),-13.383725,16.03438
GLC10_P0006,10,大田农作物 (通用耕地),0.979,643.05,42.87,428700.0,9271.6,0.063,良 (标准规整农机作业区),-13.46314,16.134964
GLC10_P0007,10,大田农作物 (通用耕地),0.976,586.8,39.12,391200.0,6151.6,0.13,良 (标准规整农机作业区),-12.022785,16.364272
GLC10_P0008,10,大田农作物 (通用耕地),0.993,585.0,39.0,390000.0,4295.8,0.266,良 (标准规整农机作业区),-13.450296,16.025317
GLC10_P0009,10,大田农作物 (通用耕地),0.98,572.4,38.16,381600.0,5325.3,0.169,良 (标准规整农机作业区),-13.436237,16.057029
GLC10_P0010,10,大田农作物 (通用耕地),0.961,558.6,37.24,372400.0,7299.3,0.088,良 (标准规整农机作业区),-13.474761,16.15074
GLC10_P0011,10,大田农作物 (通用耕地),0.962,552.3,36.82,368200.0,6815.4,0.1,良 (标准规整农机作业区),-13.103222,16.220832
GLC10_P0012,10,大田农作物 (通用耕地),0.997,544.8,36.32,363200.0,4704.1,0.206,良 (标准规整农机作业区),-13.477114,16.057223
GLC10_P0013,10,大田农作物 (通用耕地),0.974,497.1,33.14,331400.0,4189.9,0.237,良 (标准规整农机作业区),-13.886594,16.20144
GLC10_P0014,10,大田农作物 (通用耕地),0.963,475.8,31.72,317200.0,5250.9,0.145,良 (标准规整农机作业区),-13.081946,17.501118
GLC10_P0015,10,大田农作物 (通用耕地),0.959,452.1,30.14,301400.0,5579.3,0.122,良 (标准规整农机作业区),-13.468623,16.153403
GLC10_P0016,10,大田农作物 (通用耕地),0.98,432.6,28.84,288400.0,4531.3,0.177,良 (标准规整农机作业区),-13.993448,17.096597
GLC10_P0017,10,大田农作物 (通用耕地),0.973,419.4,27.96,279600.0,5283.1,0.126,良 (标准规整农机作业区),-13.503072,16.128697
GLC10_P0018,10,大田农作物 (通用耕地),0.981,408.45,27.23,272300.0,3823.0,0.234,良 (标准规整农机作业区),-13.392354,16.007022
GLC10_P0019,10,大田农作物 (通用耕地),0.969,402.3,26.82,268200.0,6431.9,0.081,良 (标准规整农机作业区),-12.692513,17.105494
GLC10_P0020,10,大田农作物 (通用耕地),0.988,394.95,26.33,263300.0,3505.6,0.269,良 (标准规整农机作业区),-13.506919,16.1222
GLC10_P0021,10,大田农作物 (通用耕地),0.974,376.65,25.11,251100.0,5051.9,0.124,良 (标准规整农机作业区),-13.452386,16.138943
GLC10_P0022,10,大田农作物 (通用耕地),0.932,368.4,24.56,245600.0,3851.8,0.208,良 (标准规整农机作业区),-13.538061,16.121508
GLC10_P0023,10,大田农作物 (通用耕地),0.999,358.95,23.93,239300.0,2782.3,0.388,优 (集中连片优质适机区),-13.443043,16.050039
GLC10_P0024,10,大田农作物 (通用耕地),0.957,333.75,22.25,222500.0,4707.6,0.126,良 (标准规整农机作业区),-13.406491,16.158221
GLC10_P0025,10,大田农作物 (通用耕地),1.0,330.3,22.02,220200.0,2273.7,0.535,优 (集中连片优质适机区),-13.501428,16.076106
GLC10_P0026,10,大田农作物 (通用耕地),0.991,329.1,21.94,219400.0,3785.5,0.192,良 (标准规整农机作业区),-13.544653,16.135545
GLC10_P0027,10,大田农作物 (通用耕地),0.997,328.95,21.93,219300.0,2678.2,0.384,优 (集中连片优质适机区),-13.410763,16.056531
GLC10_P0028,10,大田农作物 (通用耕地),0.981,319.95,21.33,213300.0,2583.7,0.402,优 (集中连片优质适机区),-13.416685,16.057593
GLC10_P0029,10,大田农作物 (通用耕地),0.977,318.75,21.25,212500.0,2400.2,0.464,优 (集中连片优质适机区),-13.524831,16.09079
GLC10_P0030,10,大田农作物 (通用耕地),0.98,306.0,20.4,204000.0,3722.6,0.185,良 (标准规整农机作业区),-13.551739,16.13748
GLC10_P0031,10,大田农作物 (通用耕地),0.983,297.75,19.85,198500.0,4479.1,0.124,良 (标准规整农机作业区),-13.413743,16.060233
GLC10_P0032,10,大田农作物 (通用耕地),0.993,286.65,19.11,191100.0,1940.0,0.638,优 (集中连片优质适机区),-13.415314,16.042334
GLC10_P0033,10,大田农作物 (通用耕地),0.971,278.55,18.57,185700.0,3739.0,0.167,良 (标准规整农机作业区),-13.436747,16.173312
GLC10_P0034,10,大田农作物 (通用耕地),0.994,278.25,18.55,185500.0,4918.5,0.096,良 (标准规整农机作业区),-13.584728,16.11981
GLC10_P0035,10,大田农作物 (通用耕地),0.979,275.4,18.36,183600.0,3122.5,0.237,良 (标准规整农机作业区),-13.402578,16.056117
GLC10_P0036,10,大田农作物 (通用耕地),0.997,271.05,18.07,180700.0,1789.1,0.709,优 (集中连片优质适机区),-13.589413,16.134286
GLC10_P0037,10,大田农作物 (通用耕地),1.0,269.25,17.95,179500.0,3196.1,0.221,良 (标准规整农机作业区),-13.425421,16.039976
GLC10_P0038,10,大田农作物 (通用耕地),0.978,267.75,17.85,178500.0,2880.0,0.27,良 (标准规整农机作业区),-13.457432,16.134138
GLC10_P0039,10,大田农作物 (通用耕地),0.972,259.5,17.3,173000.0,3498.2,0.178,良 (标准规整农机作业区),-13.206146,16.184047
GLC10_P0040,10,大田农作物 (通用耕地),0.986,251.25,16.75,167500.0,4125.5,0.124,良 (标准规整农机作业区),-13.036981,17.025377
GLC10_P0041,10,大田农作物 (通用耕地),0.983,243.9,16.26,162600.0,3659.5,0.153,良 (标准规整农机作业区),-13.22781,16.193536
GLC10_P0042,10,大田农作物 (通用耕地),0.99,235.35,15.69,156900.0,3307.8,0.18,良 (标准规整农机作业区),-13.468747,16.147573
GLC10_P0043,10,大田农作物 (通用耕地),0.945,228.3,15.22,152200.0,3497.6,0.156,良 (标准规整农机作业区),-13.477875,16.450133
GLC10_P0044,10,大田农作物 (通用耕地),0.992,222.0,14.8,148000.0,2584.3,0.278,良 (标准规整农机作业区),-13.454336,16.136482
GLC10_P0045,10,大田农作物 (通用耕地),0.97,215.85,14.39,143900.0,3427.1,0.154,良 (标准规整农机作业区),-12.852155,17.04574
GLC10_P0046,10,大田农作物 (通用耕地),0.989,210.75,14.05,140500.0,3834.3,0.12,良 (标准规整农机作业区),-13.945926,16.158739
GLC10_P0047,10,大田农作物 (通用耕地),0.992,210.6,14.04,140400.0,3647.1,0.133,良 (标准规整农机作业区),-13.960624,16.285463
GLC10_P0048,10,大田农作物 (通用耕地),0.993,205.65,13.71,137100.0,2878.8,0.208,良 (标准规整农机作业区),-13.720787,16.058791
GLC10_P0049,10,大田农作物 (通用耕地),0.922,204.9,13.66,136600.0,3266.2,0.161,良 (标准规整农机作业区),-13.330095,16.188752
GLC10_P0050,10,大田农作物 (通用耕地),0.983,198.9,13.26,132600.0,4479.8,0.083,良 (标准规整农机作业区),-13.461753,16.139349
GLC10_P0051,10,大田农作物 (通用耕地),0.995,191.85,12.79,127900.0,3171.2,0.16,良 (标准规整农机作业区),-13.37586,17.282218
GLC10_P0052,10,大田农作物 (通用耕地),0.939,186.45,12.43,124300.0,2809.7,0.198,良 (标准规整农机作业区),-13.077551,17.506069
GLC10_P0053,10,大田农作物 (通用耕地),0.956,185.4,12.36,123600.0,3076.0,0.164,良 (标准规整农机作业区),-13.277942,16.181662
GLC10_P0054,10,大田农作物 (通用耕地),0.973,181.5,12.1,121000.0,1923.3,0.411,优 (集中连片优质适机区),-13.940724,16.180397
GLC10_P0055,10,大田农作物 (通用耕地),0.973,181.05,12.07,120700.0,2648.5,0.216,良 (标准规整农机作业区),-13.46223,16.150639
GLC10_P0056,10,大田农作物 (通用耕地),0.964,179.7,11.98,119800.0,2328.8,0.278,良 (标准规整农机作业区),-13.72096,16.131062
GLC10_P0057,10,大田农作物 (通用耕地),0.969,175.95,11.73,117300.0,3111.6,0.152,良 (标准规整农机作业区),-13.470812,17.208156
GLC10_P0058,10,大田农作物 (通用耕地),0.996,173.25,11.55,115500.0,1495.6,0.649,优 (集中连片优质适机区),-13.946675,16.312891
GLC10_P0059,10,大田农作物 (通用耕地),0.974,172.8,11.52,115200.0,1918.5,0.393,优 (集中连片优质适机区),-13.460066,16.101915
GLC10_P0060,10,大田农作物 (通用耕地),0.987,172.8,11.52,115200.0,3531.2,0.116,良 (标准规整农机作业区),-13.468897,16.158437
GLC10_P0061,10,大田农作物 (通用耕地),0.983,171.9,11.46,114600.0,2230.4,0.289,良 (标准规整农机作业区),-13.991048,16.347672
GLC10_P0062,10,大田农作物 (通用耕地),0.968,171.15,11.41,114100.0,2489.6,0.231,良 (标准规整农机作业区),-13.403875,16.156623
GLC10_P0063,10,大田农作物 (通用耕地),0.99,170.55,11.37,113700.0,2203.9,0.294,良 (标准规整农机作业区),-13.106013,16.214272
GLC10_P0064,10,大田农作物 (通用耕地),0.969,169.95,11.33,113300.0,2929.5,0.166,良 (标准规整农机作业区),-13.264102,16.170977
GLC10_P0065,10,大田农作物 (通用耕地),0.984,168.6,11.24,112400.0,2457.6,0.234,良 (标准规整农机作业区),-13.000035,16.524159
GLC10_P0066,10,大田农作物 (通用耕地),0.932,167.25,11.15,111500.0,2105.5,0.316,良 (标准规整农机作业区),-12.185071,17.871716
GLC10_P0067,10,大田农作物 (通用耕地),1.0,165.9,11.06,110600.0,1732.4,0.463,优 (集中连片优质适机区),-13.42513,16.061148
GLC10_P0068,10,大田农作物 (通用耕地),0.986,162.45,10.83,108300.0,3984.5,0.086,良 (标准规整农机作业区),-12.85638,17.045613
GLC10_P0069,10,大田农作物 (通用耕地),0.996,160.2,10.68,106800.0,2911.3,0.158,良 (标准规整农机作业区),-13.222588,16.189565
GLC10_P0070,10,大田农作物 (通用耕地),0.983,159.9,10.66,106600.0,2418.0,0.229,良 (标准规整农机作业区),-13.997961,17.127318
GLC10_P0071,10,大田农作物 (通用耕地),1.0,158.7,10.58,105800.0,1895.9,0.37,优 (集中连片优质适机区),-13.235849,16.197413
GLC10_P0072,10,大田农作物 (通用耕地),0.996,158.55,10.57,105700.0,2913.6,0.156,良 (标准规整农机作业区),-13.996994,17.116906
GLC10_P0073,10,大田农作物 (通用耕地),0.982,154.2,10.28,102800.0,2126.6,0.286,良 (标准规整农机作业区),-12.932036,16.135405
GLC10_P0074,10,大田农作物 (通用耕地),0.997,153.0,10.2,102000.0,1917.4,0.349,良 (标准规整农机作业区),-13.807511,16.074854
GLC10_P0075,10,大田农作物 (通用耕地),0.993,151.8,10.12,101200.0,1451.5,0.604,优 (集中连片优质适机区),-13.17388,16.171149
GLC10_P0076,10,大田农作物 (通用耕地),0.984,148.05,9.87,98700.0,2845.0,0.153,良 (标准规整农机作业区),-12.846802,17.050109
GLC10_P0077,10,大田农作物 (通用耕地),0.967,147.9,9.86,98600.0,3026.0,0.135,良 (标准规整农机作业区),-13.609555,16.608212
GLC10_P0078,10,大田农作物 (通用耕地),0.985,145.8,9.72,97200.0,2529.7,0.191,良 (标准规整农机作业区),-13.716667,16.155286
GLC10_P0079,10,大田农作物 (通用耕地),0.996,142.05,9.47,94700.0,2257.9,0.233,良 (标准规整农机作业区),-13.093571,16.193458
GLC10_P0080,10,大田农作物 (通用耕地),0.978,138.15,9.21,92100.0,2385.7,0.203,良 (标准规整农机作业区),-13.464344,16.101144
GLC10_P0081,10,大田农作物 (通用耕地),0.99,137.1,9.14,91400.0,2162.2,0.246,良 (标准规整农机作业区),-13.995215,17.120346
GLC10_P0082,10,大田农作物 (通用耕地),0.997,132.6,8.84,88400.0,1897.2,0.309,良 (标准规整农机作业区),-13.673892,16.091441
GLC10_P0083,10,大田农作物 (通用耕地),0.983,132.0,8.8,88000.0,2480.2,0.18,良 (标准规整农机作业区),-13.470929,16.095556
GLC10_P0084,10,大田农作物 (通用耕地),0.975,129.6,8.64,86400.0,2564.4,0.165,良 (标准规整农机作业区),-13.983311,17.079467
GLC10_P0085,10,大田农作物 (通用耕地),0.988,129.45,8.63,86300.0,1796.4,0.336,良 (标准规整农机作业区),-13.403894,16.09382
GLC10_P0086,10,大田农作物 (通用耕地),0.991,127.2,8.48,84800.0,2054.5,0.252,良 (标准规整农机作业区),-13.480633,16.071641
GLC10_P0087,10,大田农作物 (通用耕地),0.993,124.05,8.27,82700.0,2010.2,0.257,良 (标准规整农机作业区),-13.784326,16.075086
GLC10_P0088,10,大田农作物 (通用耕地),0.979,123.75,8.25,82500.0,2537.1,0.161,良 (标准规整农机作业区),-13.299735,16.190241
GLC10_P0089,10,大田农作物 (通用耕地),0.973,123.3,8.22,82200.0,1910.0,0.283,良 (标准规整农机作业区),-13.089363,17.496596
GLC10_P0090,10,大田农作物 (通用耕地),0.986,120.0,8.0,80000.0,2599.4,0.149,良 (标准规整农机作业区),-13.81081,16.159348
GLC10_P0091,10,大田农作物 (通用耕地),0.944,115.05,7.67,76700.0,1900.0,0.267,良 (标准规整农机作业区),-13.508695,16.06045
GLC10_P0092,10,大田农作物 (通用耕地),0.995,114.45,7.63,76300.0,2476.2,0.156,良 (标准规整农机作业区),-13.376521,16.929352
GLC10_P0093,10,大田农作物 (通用耕地),0.963,114.3,7.62,76200.0,1796.2,0.297,良 (标准规整农机作业区),-13.384906,16.007295
GLC10_P0094,10,大田农作物 (通用耕地),0.992,114.3,7.62,76200.0,1881.9,0.27,良 (标准规整农机作业区),-13.316602,17.430759
GLC10_P0095,10,大田农作物 (通用耕地),0.968,111.9,7.46,74600.0,1535.3,0.398,优 (集中连片优质适机区),-13.47625,16.066977
GLC10_P0096,10,大田农作物 (通用耕地),0.985,110.7,7.38,73800.0,2549.9,0.143,良 (标准规整农机作业区),-13.515832,16.128504
GLC10_P0097,10,大田农作物 (通用耕地),0.988,109.35,7.29,72900.0,2812.0,0.116,良 (标准规整农机作业区),-13.264735,16.190345
GLC10_P0098,10,大田农作物 (通用耕地),1.0,108.6,7.24,72400.0,2495.4,0.146,良 (标准规整农机作业区),-13.447272,16.068842
GLC10_P0099,10,大田农作物 (通用耕地),0.983,106.8,7.12,71200.0,2638.4,0.129,良 (标准规整农机作业区),-13.896148,16.227892
GLC10_P0100,10,大田农作物 (通用耕地),0.981,102.75,6.85,68500.0,1198.5,0.599,优 (集中连片优质适机区),-13.473199,16.158854
GLC10_P0101,10,大田农作物 (通用耕地),0.963,97.2,6.48,64800.0,1873.8,0.232,良 (标准规整农机作业区),-13.393961,16.921354
GLC10_P0102,10,大田农作物 (通用耕地),0.986,96.6,6.44,64400.0,2321.0,0.15,良 (标准规整农机作业区),-13.461723,16.153589
GLC10_P0103,10,大田农作物 (通用耕地),0.986,94.95,6.33,63300.0,1748.8,0.26,良 (标准规整农机作业区),-13.464966,16.151901
GLC10_P0104,10,大田农作物 (通用耕地),0.966,93.9,6.26,62600.0,1438.9,0.38,优 (集中连片优质适机区),-13.403061,16.019307
GLC10_P0105,10,大田农作物 (通用耕地),1.0,93.75,6.25,62500.0,1157.6,0.586,优 (集中连片优质适机区),-13.153659,16.206017
GLC10_P0106,10,大田农作物 (通用耕地),0.997,93.6,6.24,62400.0,2075.5,0.182,良 (标准规整农机作业区),-13.483247,16.093139
GLC10_P0107,10,大田农作物 (通用耕地),1.0,93.6,6.24,62400.0,1375.4,0.415,优 (集中连片优质适机区),-13.139375,16.189709
GLC10_P0108,10,大田农作物 (通用耕地),0.939,93.45,6.23,62300.0,1480.3,0.357,优 (集中连片优质适机区),-13.789594,16.108733
GLC10_P0109,10,大田农作物 (通用耕地),1.0,93.0,6.2,62000.0,1413.0,0.39,优 (集中连片优质适机区),-13.475975,16.063092
GLC10_P0110,10,大田农作物 (通用耕地),0.998,92.1,6.14,61400.0,1550.2,0.321,良 (标准规整农机作业区),-12.174774,17.858786
GLC10_P0111,10,大田农作物 (通用耕地),0.941,91.95,6.13,61300.0,1711.6,0.263,良 (标准规整农机作业区),-13.468639,16.101666
GLC10_P0112,10,大田农作物 (通用耕地),0.982,91.2,6.08,60800.0,1919.1,0.207,良 (标准规整农机作业区),-13.7268,16.14446
GLC10_P0113,10,大田农作物 (通用耕地),0.971,86.7,5.78,57800.0,1682.1,0.257,良 (标准规整农机作业区),-12.82331,16.280313
GLC10_P0114,10,大田农作物 (通用耕地),0.997,86.1,5.74,57400.0,2836.0,0.09,良 (标准规整农机作业区),-13.250677,16.178726
GLC10_P0115,10,大田农作物 (通用耕地),0.991,85.95,5.73,57300.0,1117.1,0.577,优 (集中连片优质适机区),-13.397365,16.054259
GLC10_P0116,10,大田农作物 (通用耕地),1.0,84.75,5.65,56500.0,2044.0,0.17,良 (标准规整农机作业区),-13.097484,16.192516
GLC10_P0117,10,大田农作物 (通用耕地),0.995,84.6,5.64,56400.0,1624.6,0.269,良 (标准规整农机作业区),-13.467846,16.141669
GLC10_P0118,10,大田农作物 (通用耕地),0.867,83.4,5.56,55600.0,1516.0,0.304,良 (标准规整农机作业区),-13.774423,16.096388
GLC10_P0119,10,大田农作物 (通用耕地),0.989,81.9,5.46,54600.0,1824.7,0.206,良 (标准规整农机作业区),-13.467643,16.096371
GLC10_P0120,10,大田农作物 (通用耕地),0.985,80.55,5.37,53700.0,1861.2,0.195,良 (标准规整农机作业区),-13.303647,16.189516
GLC10_P0121,10,大田农作物 (通用耕地),0.961,79.95,5.33,53300.0,1865.7,0.192,良 (标准规整农机作业区),-13.164103,16.186678
GLC10_P0122,10,大田农作物 (通用耕地),0.975,79.05,5.27,52700.0,1281.9,0.403,优 (集中连片优质适机区),-13.229514,16.197068
GLC10_P0123,10,大田农作物 (通用耕地),0.989,78.75,5.25,52500.0,1760.2,0.213,良 (标准规整农机作业区),-13.065439,17.512047
GLC10_P0124,10,大田农作物 (通用耕地),0.977,78.45,5.23,52300.0,1573.8,0.265,良 (标准规整农机作业区),-13.316205,16.188907
GLC10_P0125,10,大田农作物 (通用耕地),0.996,78.3,5.22,52200.0,2324.4,0.121,良 (标准规整农机作业区),-13.235633,16.186427
GLC10_P0126,10,大田农作物 (通用耕地),0.988,77.85,5.19,51900.0,1744.6,0.214,良 (标准规整农机作业区),-13.196059,16.175438
GLC10_P0127,10,大田农作物 (通用耕地),0.99,77.25,5.15,51500.0,1642.8,0.24,良 (标准规整农机作业区),-13.104367,16.211849
GLC10_P0128,10,大田农作物 (通用耕地),0.979,77.25,5.15,51500.0,1875.4,0.184,良 (标准规整农机作业区),-13.280771,16.183297
GLC10_P0129,10,大田农作物 (通用耕地),0.982,76.8,5.12,51200.0,1297.4,0.382,优 (集中连片优质适机区),-13.111382,16.222033
GLC10_P0130,10,大田农作物 (通用耕地),0.998,76.8,5.12,51200.0,1608.3,0.249,良 (标准规整农机作业区),-13.002929,16.527168
GLC10_P0131,10,大田农作物 (通用耕地),0.996,74.7,4.98,49800.0,1406.1,0.317,良 (标准规整农机作业区),-13.61646,16.127108
GLC10_P0132,10,大田农作物 (通用耕地),0.996,71.7,4.78,47800.0,1348.6,0.33,良 (标准规整农机作业区),-13.972485,16.250933
GLC10_P0133,10,大田农作物 (通用耕地),0.998,70.05,4.67,46700.0,1050.5,0.532,优 (集中连片优质适机区),-13.375276,16.937833
GLC10_P0134,10,大田农作物 (通用耕地),1.0,69.3,4.62,46200.0,1621.9,0.221,良 (标准规整农机作业区),-13.400536,16.017999
GLC10_P0135,10,大田农作物 (通用耕地),0.998,68.85,4.59,45900.0,1253.4,0.367,优 (集中连片优质适机区),-13.123474,16.208777
GLC10_P0136,10,大田农作物 (通用耕地),0.993,67.95,4.53,45300.0,1161.5,0.422,优 (集中连片优质适机区),-13.871592,16.693283
GLC10_P0137,10,大田农作物 (通用耕地),0.98,67.65,4.51,45100.0,1489.9,0.255,良 (标准规整农机作业区),-13.265266,16.187316
GLC10_P0138,10,大田农作物 (通用耕地),0.993,67.5,4.5,45000.0,1582.6,0.226,良 (标准规整农机作业区),-13.204481,16.189209
GLC10_P0139,10,大田农作物 (通用耕地),0.995,64.95,4.33,43300.0,1777.0,0.172,良 (标准规整农机作业区),-13.069519,17.512219
GLC10_P0140,10,大田农作物 (通用耕地),0.979,64.95,4.33,43300.0,1628.5,0.205,良 (标准规整农机作业区),-13.30704,16.193003
GLC10_P0141,10,大田农作物 (通用耕地),0.954,64.95,4.33,43300.0,1363.7,0.293,良 (标准规整农机作业区),-12.899263,16.694031
GLC10_P0142,10,大田农作物 (通用耕地),0.995,64.8,4.32,43200.0,1322.8,0.31,良 (标准规整农机作业区),-13.390532,16.053875
GLC10_P0143,10,大田农作物 (通用耕地),0.998,64.5,4.3,43000.0,1239.4,0.352,优 (集中连片优质适机区),-13.484434,16.091269
GLC10_P0144,10,大田农作物 (通用耕地),1.0,63.9,4.26,42600.0,964.3,0.576,优 (集中连片优质适机区),-13.177657,16.168787
GLC10_P0145,10,大田农作物 (通用耕地),0.984,63.9,4.26,42600.0,1551.7,0.222,良 (标准规整农机作业区),-13.278394,16.185494
GLC10_P0146,10,大田农作物 (通用耕地),0.936,63.75,4.25,42500.0,1186.7,0.379,优 (集中连片优质适机区),-12.013726,16.330666
GLC10_P0147,10,大田农作物 (通用耕地),0.998,63.75,4.25,42500.0,1259.8,0.336,良 (标准规整农机作业区),-13.93478,16.11951
GLC10_P0148,10,大田农作物 (通用耕地),0.998,62.1,4.14,41400.0,1626.7,0.197,良 (标准规整农机作业区),-13.462774,16.097973
GLC10_P0149,10,大田农作物 (通用耕地),0.993,61.05,4.07,40700.0,1302.7,0.301,良 (标准规整农机作业区),-13.770327,16.101243
GLC10_P0150,10,大田农作物 (通用耕地),0.98,60.9,4.06,40600.0,1428.2,0.25,良 (标准规整农机作业区),-13.97693,17.082652
GLC10_P0151,10,大田农作物 (通用耕地),0.998,60.6,4.04,40400.0,1642.1,0.188,良 (标准规整农机作业区),-13.474787,16.072244
GLC10_P0152,10,大田农作物 (通用耕地),1.0,59.4,3.96,39600.0,1552.6,0.206,良 (标准规整农机作业区),-13.479509,16.068541
GLC10_P0153,10,大田农作物 (通用耕地),1.0,59.1,3.94,39400.0,1382.2,0.259,良 (标准规整农机作业区),-13.473355,16.156825
GLC10_P0154,10,大田农作物 (通用耕地),0.995,58.2,3.88,38800.0,1394.3,0.251,良 (标准规整农机作业区),-13.499345,16.001042
GLC10_P0155,10,大田农作物 (通用耕地),0.992,57.75,3.85,38500.0,1682.5,0.171,良 (标准规整农机作业区),-13.402638,16.926194
GLC10_P0156,10,大田农作物 (通用耕地),1.0,57.3,3.82,38200.0,2036.6,0.116,良 (标准规整农机作业区),-13.296141,16.196746
GLC10_P0157,10,大田农作物 (通用耕地),0.987,56.1,3.74,37400.0,1429.6,0.23,良 (标准规整农机作业区),-13.202301,16.175118
GLC10_P0158,10,大田农作物 (通用耕地),0.989,55.8,3.72,37200.0,1074.8,0.405,优 (集中连片优质适机区),-13.772258,16.160147
GLC10_P0159,10,大田农作物 (通用耕地),0.981,55.8,3.72,37200.0,1653.5,0.171,良 (标准规整农机作业区),-13.246966,16.177767
GLC10_P0160,10,大田农作物 (通用耕地),1.0,55.35,3.69,36900.0,856.0,0.633,优 (集中连片优质适机区),-13.665408,16.102691
GLC10_P0161,10,大田农作物 (通用耕地),0.997,55.05,3.67,36700.0,1523.3,0.199,良 (标准规整农机作业区),-13.969641,16.307919
GLC10_P0162,10,大田农作物 (通用耕地),1.0,55.05,3.67,36700.0,1116.2,0.37,优 (集中连片优质适机区),-12.904768,17.057391
GLC10_P0163,10,大田农作物 (通用耕地),0.986,54.9,3.66,36600.0,917.6,0.546,优 (集中连片优质适机区),-13.317411,17.433653
GLC10_P0164,10,大田农作物 (通用耕地),0.972,54.15,3.61,36100.0,911.0,0.547,优 (集中连片优质适机区),-13.891404,16.226398
GLC10_P0165,10,大田农作物 (通用耕地),1.0,54.0,3.6,36000.0,1142.7,0.346,良 (标准规整农机作业区),-13.809297,16.157169
GLC10_P0166,10,大田农作物 (通用耕地),0.98,53.4,3.56,35600.0,783.0,0.73,优 (集中连片优质适机区),-13.478375,16.073311
GLC10_P0167,10,大田农作物 (通用耕地),0.992,53.25,3.55,35500.0,1270.2,0.277,良 (标准规整农机作业区),-13.723675,16.05685
GLC10_P0168,10,大田农作物 (通用耕地),0.972,53.1,3.54,35400.0,1036.0,0.414,优 (集中连片优质适机区),-13.312609,16.189392
GLC10_P0169,10,大田农作物 (通用耕地),0.994,52.8,3.52,35200.0,1288.9,0.266,良 (标准规整农机作业区),-13.285728,16.196331
GLC10_P0170,10,大田农作物 (通用耕地),0.991,52.05,3.47,34700.0,1068.8,0.382,优 (集中连片优质适机区),-13.942486,16.121431
GLC10_P0171,10,大田农作物 (通用耕地),1.0,51.9,3.46,34600.0,1001.5,0.433,优 (集中连片优质适机区),-13.472668,16.057972
GLC10_P0172,10,大田农作物 (通用耕地),1.0,51.75,3.45,34500.0,1039.3,0.401,优 (集中连片优质适机区),-13.471127,16.06163
GLC10_P0173,10,大田农作物 (通用耕地),0.997,51.3,3.42,34200.0,1421.5,0.213,良 (标准规整农机作业区),-13.805662,16.096407
GLC10_P0174,10,大田农作物 (通用耕地),0.988,51.3,3.42,34200.0,1492.4,0.193,良 (标准规整农机作业区),-13.241905,16.188564
GLC10_P0175,10,大田农作物 (通用耕地),0.988,51.3,3.42,34200.0,890.5,0.542,优 (集中连片优质适机区),-13.441252,16.064049
GLC10_P0176,10,大田农作物 (通用耕地),0.997,50.85,3.39,33900.0,1517.0,0.185,良 (标准规整农机作业区),-13.790058,16.105941
GLC10_P0177,10,大田农作物 (通用耕地),1.0,50.85,3.39,33900.0,740.0,0.778,优 (集中连片优质适机区),-13.423898,16.043686
GLC10_P0178,10,大田农作物 (通用耕地),1.0,50.55,3.37,33700.0,1115.2,0.34,良 (标准规整农机作业区),-13.998252,16.350694
GLC10_P0179,10,大田农作物 (通用耕地),0.997,50.4,3.36,33600.0,1241.6,0.274,良 (标准规整农机作业区),-13.37466,16.036082
GLC10_P0180,10,大田农作物 (通用耕地),0.967,50.25,3.35,33500.0,1199.5,0.293,良 (标准规整农机作业区),-13.241734,16.157639
GLC10_P0181,10,大田农作物 (通用耕地),0.976,50.1,3.34,33400.0,1327.3,0.238,良 (标准规整农机作业区),-13.308002,16.202875
GLC10_P0182,10,大田农作物 (通用耕地),0.979,50.1,3.34,33400.0,933.8,0.481,优 (集中连片优质适机区),-13.444947,16.064843
GLC10_P0183,10,大田农作物 (通用耕地),1.0,49.65,3.31,33100.0,1138.9,0.321,良 (标准规整农机作业区),-13.956088,16.300556
GLC10_P0184,10,大田农作物 (通用耕地),1.0,48.75,3.25,32500.0,1423.6,0.202,良 (标准规整农机作业区),-13.459252,16.145297
GLC10_P0185,10,大田农作物 (通用耕地),0.975,48.3,3.22,32200.0,1112.2,0.327,良 (标准规整农机作业区),-13.29267,16.199124
GLC10_P0186,10,大田农作物 (通用耕地),0.984,48.0,3.2,32000.0,1128.6,0.316,良 (标准规整农机作业区),-13.474522,16.092246
GLC10_P0187,10,大田农作物 (通用耕地),0.994,47.1,3.14,31400.0,1344.1,0.218,良 (标准规整农机作业区),-13.682358,16.035106
GLC10_P0188,10,大田农作物 (通用耕地),0.987,46.95,3.13,31300.0,1112.1,0.318,良 (标准规整农机作业区),-13.976234,17.084703
GLC10_P0189,10,大田农作物 (通用耕地),1.0,46.65,3.11,31100.0,1148.2,0.296,良 (标准规整农机作业区),-13.415416,16.094999
GLC10_P0190,10,大田农作物 (通用耕地),0.987,46.65,3.11,31100.0,1150.3,0.295,良 (标准规整农机作业区),-13.612161,16.612074
GLC10_P0191,10,大田农作物 (通用耕地),0.997,45.0,3.0,30000.0,1130.1,0.295,良 (标准规整农机作业区),-13.399168,16.927994
GLC10_P0192,10,大田农作物 (通用耕地),1.0,44.85,2.99,29900.0,1109.1,0.305,良 (标准规整农机作业区),-13.731473,16.082827
GLC10_P0193,10,大田农作物 (通用耕地),1.0,44.4,2.96,29600.0,852.5,0.512,优 (集中连片优质适机区),-13.461496,16.156467
GLC10_P0194,10,大田农作物 (通用耕地),1.0,44.4,2.96,29600.0,1160.1,0.276,良 (标准规整农机作业区),-13.73217,16.076048
GLC10_P0195,10,大田农作物 (通用耕地),0.99,43.65,2.91,29100.0,1561.4,0.15,良 (标准规整农机作业区),-13.246919,16.179832
GLC10_P0196,10,大田农作物 (通用耕地),0.997,43.5,2.9,29000.0,895.6,0.454,优 (集中连片优质适机区),-13.63846,16.002798
GLC10_P0197,10,大田农作物 (通用耕地),0.997,43.2,2.88,28800.0,799.6,0.566,优 (集中连片优质适机区),-13.395795,16.05269
GLC10_P0198,10,大田农作物 (通用耕地),1.0,43.2,2.88,28800.0,837.3,0.516,优 (集中连片优质适机区),-13.208931,16.180658
GLC10_P0199,10,大田农作物 (通用耕地),0.99,43.05,2.87,28700.0,1049.7,0.327,良 (标准规整农机作业区),-12.606952,16.075286
GLC10_P0200,10,大田农作物 (通用耕地),0.993,42.6,2.84,28400.0,1341.3,0.198,良 (标准规整农机作业区),-13.482819,16.448666
GLC10_P0201,10,大田农作物 (通用耕地),0.993,42.6,2.84,28400.0,914.8,0.426,优 (集中连片优质适机区),-12.738518,16.116798
GLC10_P0202,10,大田农作物 (通用耕地),1.0,42.3,2.82,28200.0,1142.8,0.271,良 (标准规整农机作业区),-13.374615,17.285365
GLC10_P0203,10,大田农作物 (通用耕地),0.996,42.3,2.82,28200.0,846.5,0.495,优 (集中连片优质适机区),-13.779934,16.10274
GLC10_P0204,10,大田农作物 (通用耕地),1.0,42.3,2.82,28200.0,1567.8,0.144,良 (标准规整农机作业区),-13.988888,16.056884
GLC10_P0205,10,大田农作物 (通用耕地),0.993,42.0,2.8,28000.0,1471.9,0.162,良 (标准规整农机作业区),-13.465999,16.098997
GLC10_P0206,10,大田农作物 (通用耕地),0.993,41.85,2.79,27900.0,1041.1,0.323,良 (标准规整农机作业区),-13.624815,16.013354
GLC10_P0207,10,大田农作物 (通用耕地),1.0,41.7,2.78,27800.0,1586.3,0.139,良 (标准规整农机作业区),-13.25112,16.176061
GLC10_P0208,10,大田农作物 (通用耕地),0.996,41.55,2.77,27700.0,769.8,0.587,优 (集中连片优质适机区),-13.37207,16.939592
GLC10_P0209,10,大田农作物 (通用耕地),1.0,40.8,2.72,27200.0,791.9,0.545,优 (集中连片优质适机区),-13.653961,16.081477
GLC10_P0210,10,大田农作物 (通用耕地),0.982,40.8,2.72,27200.0,1084.5,0.291,良 (标准规整农机作业区),-13.187118,16.820959
GLC10_P0211,10,大田农作物 (通用耕地),1.0,40.8,2.72,27200.0,837.1,0.488,优 (集中连片优质适机区),-13.440164,16.174139
GLC10_P0212,10,大田农作物 (通用耕地),1.0,40.65,2.71,27100.0,1270.5,0.211,良 (标准规整农机作业区),-13.407668,16.068891
GLC10_P0213,10,大田农作物 (通用耕地),1.0,39.9,2.66,26600.0,1013.7,0.325,良 (标准规整农机作业区),-13.402991,16.155035
GLC10_P0214,10,大田农作物 (通用耕地),1.0,39.75,2.65,26500.0,988.8,0.341,良 (标准规整农机作业区),-13.46616,16.15588
GLC10_P0215,10,大田农作物 (通用耕地),0.992,39.75,2.65,26500.0,1248.2,0.214,良 (标准规整农机作业区),-12.997413,16.523408
GLC10_P0216,10,大田农作物 (通用耕地),1.0,39.45,2.63,26300.0,856.2,0.451,优 (集中连片优质适机区),-13.704902,16.156425
GLC10_P0217,10,大田农作物 (通用耕地),0.996,39.3,2.62,26200.0,1010.0,0.323,良 (标准规整农机作业区),-13.28791,17.215091
GLC10_P0218,10,大田农作物 (通用耕地),0.981,39.15,2.61,26100.0,1226.7,0.218,良 (标准规整农机作业区),-13.928136,16.289258
GLC10_P0219,10,大田农作物 (通用耕地),1.0,37.8,2.52,25200.0,1250.7,0.202,良 (标准规整农机作业区),-13.185461,16.820704
GLC10_P0220,10,大田农作物 (通用耕地),0.988,37.65,2.51,25100.0,791.3,0.504,优 (集中连片优质适机区),-13.940914,16.156886
GLC10_P0221,10,大田农作物 (通用耕地),0.996,37.65,2.51,25100.0,1012.6,0.308,良 (标准规整农机作业区),-13.108891,16.224238
GLC10_P0222,10,大田农作物 (通用耕地),1.0,37.5,2.5,25000.0,705.9,0.63,优 (集中连片优质适机区),-13.48059,16.058317
GLC10_P0223,10,大田农作物 (通用耕地),1.0,37.5,2.5,25000.0,1073.8,0.272,良 (标准规整农机作业区),-13.223273,17.230805
GLC10_P0224,10,大田农作物 (通用耕地),1.0,37.2,2.48,24800.0,1105.8,0.255,良 (标准规整农机作业区),-13.379911,17.251574
GLC10_P0225,10,大田农作物 (通用耕地),0.992,37.2,2.48,24800.0,1218.1,0.21,良 (标准规整农机作业区),-13.96468,16.287376
GLC10_P0226,10,大田农作物 (通用耕地),0.996,36.75,2.45,24500.0,913.1,0.369,优 (集中连片优质适机区),-13.868923,16.198763
GLC10_P0227,10,大田农作物 (通用耕地),1.0,36.75,2.45,24500.0,1080.0,0.264,良 (标准规整农机作业区),-13.428723,16.066401
GLC10_P0228,10,大田农作物 (通用耕地),1.0,36.3,2.42,24200.0,964.3,0.327,良 (标准规整农机作业区),-13.398611,16.015896
GLC10_P0229,10,大田农作物 (通用耕地),0.992,35.4,2.36,23600.0,762.1,0.511,优 (集中连片优质适机区),-13.458854,16.149006
GLC10_P0230,10,大田农作物 (通用耕地),0.992,35.4,2.36,23600.0,1184.1,0.212,良 (标准规整农机作业区),-13.908544,16.088034
GLC10_P0231,10,大田农作物 (通用耕地),0.996,35.4,2.36,23600.0,829.5,0.431,优 (集中连片优质适机区),-13.757138,16.113723
GLC10_P0232,10,大田农作物 (通用耕地),1.0,35.25,2.35,23500.0,988.0,0.303,良 (标准规整农机作业区),-12.866357,17.409284
GLC10_P0233,10,大田农作物 (通用耕地),1.0,34.65,2.31,23100.0,1426.2,0.143,良 (标准规整农机作业区),-13.271126,16.193707
GLC10_P0234,10,大田农作物 (通用耕地),1.0,34.65,2.31,23100.0,881.0,0.374,优 (集中连片优质适机区),-13.443163,16.064096
GLC10_P0235,10,大田农作物 (通用耕地),1.0,33.9,2.26,22600.0,1193.4,0.199,良 (标准规整农机作业区),-13.963763,16.294472
GLC10_P0236,10,大田农作物 (通用耕地),0.991,33.9,2.26,22600.0,1374.7,0.15,良 (标准规整农机作业区),-13.669952,16.184007
GLC10_P0237,10,大田农作物 (通用耕地),0.996,33.75,2.25,22500.0,1018.4,0.273,良 (标准规整农机作业区),-13.182809,16.822598
GLC10_P0238,10,大田农作物 (通用耕地),0.996,33.6,2.24,22400.0,849.7,0.39,优 (集中连片优质适机区),-13.207006,16.193081
GLC10_P0239,10,大田农作物 (通用耕地),0.991,33.0,2.2,22000.0,836.1,0.395,优 (集中连片优质适机区),-13.650446,16.00705
GLC10_P0240,10,大田农作物 (通用耕地),0.991,32.85,2.19,21900.0,1128.8,0.216,良 (标准规整农机作业区),-13.040308,17.021736
GLC10_P0241,10,大田农作物 (通用耕地),0.991,32.7,2.18,21800.0,768.5,0.464,优 (集中连片优质适机区),-13.474319,16.145987
GLC10_P0242,10,大田农作物 (通用耕地),1.0,32.25,2.15,21500.0,708.7,0.538,优 (集中连片优质适机区),-13.471625,16.146033
GLC10_P0243,10,大田农作物 (通用耕地),0.967,32.25,2.15,21500.0,680.4,0.584,优 (集中连片优质适机区),-13.654233,17.315781
GLC10_P0244,10,大田农作物 (通用耕地),1.0,32.1,2.14,21400.0,689.6,0.565,优 (集中连片优质适机区),-13.809707,16.108797
GLC10_P0245,10,大田农作物 (通用耕地),0.991,31.95,2.13,21300.0,1065.0,0.236,良 (标准规整农机作业区),-13.624121,16.60719
GLC10_P0246,10,大田农作物 (通用耕地),1.0,31.8,2.12,21200.0,1044.1,0.244,良 (标准规整农机作业区),-13.256587,16.181445
GLC10_P0247,10,大田农作物 (通用耕地),1.0,31.35,2.09,20900.0,752.1,0.464,优 (集中连片优质适机区),-12.576127,16.127972
GLC10_P0248,10,大田农作物 (通用耕地),0.995,30.9,2.06,20600.0,1050.9,0.234,良 (标准规整农机作业区),-13.307124,16.187755
GLC10_P0249,10,大田农作物 (通用耕地),1.0,30.9,2.06,20600.0,622.3,0.669,优 (集中连片优质适机区),-13.422352,16.056526
GLC10_P0250,10,大田农作物 (通用耕地),1.0,30.75,2.05,20500.0,718.9,0.498,优 (集中连片优质适机区),-13.840007,16.08631
GLC10_P0251,10,大田农作物 (通用耕地),0.985,30.3,2.02,20200.0,825.7,0.372,优 (集中连片优质适机区),-13.114248,16.215483
GLC10_P0252,10,大田农作物 (通用耕地),0.995,30.3,2.02,20200.0,909.2,0.307,良 (标准规整农机作业区),-13.663045,16.104161
GLC10_P0253,10,大田农作物 (通用耕地),0.995,30.15,2.01,20100.0,806.2,0.389,优 (集中连片优质适机区),-13.74117,16.083979
GLC10_P0254,10,大田农作物 (通用耕地),0.985,30.0,2.0,20000.0,749.4,0.447,优 (集中连片优质适机区),-13.276643,16.197004
GLC10_P0255,10,大田农作物 (通用耕地),0.995,29.85,1.99,19900.0,807.4,0.384,优 (集中连片优质适机区),-13.477499,16.070881
GLC10_P0256,10,大田农作物 (通用耕地),1.0,29.85,1.99,19900.0,863.2,0.336,良 (标准规整农机作业区),-13.454251,16.133263
GLC10_P0257,10,大田农作物 (通用耕地),1.0,29.55,1.97,19700.0,847.0,0.345,良 (标准规整农机作业区),-13.722878,16.125343
GLC10_P0258,10,大田农作物 (通用耕地),1.0,29.55,1.97,19700.0,977.2,0.259,良 (标准规整农机作业区),-13.978142,16.307047
GLC10_P0259,10,大田农作物 (通用耕地),0.99,29.25,1.95,19500.0,858.7,0.332,良 (标准规整农机作业区),-13.092329,17.491224
GLC10_P0260,10,大田农作物 (通用耕地),0.974,29.1,1.94,19400.0,747.1,0.437,优 (集中连片优质适机区),-13.375083,16.930059
GLC10_P0261,10,大田农作物 (通用耕地),0.99,29.1,1.94,19400.0,579.5,0.726,优 (集中连片优质适机区),-13.430708,16.100009
GLC10_P0262,10,大田农作物 (通用耕地),1.0,28.95,1.93,19300.0,668.6,0.543,优 (集中连片优质适机区),-12.750533,16.120373
GLC10_P0263,10,大田农作物 (通用耕地),1.0,28.8,1.92,19200.0,568.4,0.747,优 (集中连片优质适机区),-13.08866,17.254073
GLC10_P0264,10,大田农作物 (通用耕地),0.995,28.5,1.9,19000.0,869.9,0.316,良 (标准规整农机作业区),-13.261601,16.179638
GLC10_P0265,10,大田农作物 (通用耕地),1.0,28.35,1.89,18900.0,692.8,0.495,优 (集中连片优质适机区),-13.473362,16.06224
GLC10_P0266,10,大田农作物 (通用耕地),0.963,28.2,1.88,18800.0,777.0,0.391,优 (集中连片优质适机区),-13.174935,16.174195
GLC10_P0267,10,大田农作物 (通用耕地),1.0,27.9,1.86,18600.0,851.5,0.322,良 (标准规整农机作业区),-12.398273,17.375706
GLC10_P0268,10,大田农作物 (通用耕地),1.0,27.75,1.85,18500.0,887.9,0.295,良 (标准规整农机作业区),-13.967207,16.285803
GLC10_P0269,10,大田农作物 (通用耕地),0.989,27.6,1.84,18400.0,774.4,0.386,优 (集中连片优质适机区),-13.396354,16.929463
GLC10_P0270,10,大田农作物 (通用耕地),0.984,27.45,1.83,18300.0,790.5,0.368,优 (集中连片优质适机区),-13.237558,16.187669
GLC10_P0271,10,大田农作物 (通用耕地),0.956,27.3,1.82,18200.0,773.7,0.382,优 (集中连片优质适机区),-13.371786,16.936204
GLC10_P0272,10,大田农作物 (通用耕地),0.972,27.15,1.81,18100.0,678.7,0.494,优 (集中连片优质适机区),-13.682973,16.1845
GLC10_P0273,10,大田农作物 (通用耕地),0.983,27.0,1.8,18000.0,847.2,0.315,良 (标准规整农机作业区),-12.710898,16.141664
GLC10_P0274,10,大田农作物 (通用耕地),0.978,26.7,1.78,17800.0,671.6,0.496,优 (集中连片优质适机区),-12.957803,16.19519
GLC10_P0275,10,大田农作物 (通用耕地),0.994,26.7,1.78,17800.0,852.5,0.308,良 (标准规整农机作业区),-13.200298,16.177293
GLC10_P0276,10,大田农作物 (通用耕地),1.0,26.55,1.77,17700.0,739.3,0.407,优 (集中连片优质适机区),-13.685184,16.036789
GLC10_P0277,10,大田农作物 (通用耕地),0.994,26.55,1.77,17700.0,667.8,0.499,优 (集中连片优质适机区),-12.598702,16.067937
GLC10_P0278,10,大田农作物 (通用耕地),0.994,26.55,1.77,17700.0,940.0,0.252,良 (标准规整农机作业区),-13.198884,16.173423
GLC10_P0279,10,大田农作物 (通用耕地),1.0,26.55,1.77,17700.0,612.0,0.594,优 (集中连片优质适机区),-13.703683,16.15134
GLC10_P0280,10,大田农作物 (通用耕地),0.977,26.4,1.76,17600.0,662.2,0.504,优 (集中连片优质适机区),-13.451457,16.132127
GLC10_P0281,10,大田农作物 (通用耕地),1.0,26.4,1.76,17600.0,678.7,0.48,优 (集中连片优质适机区),-13.39798,16.072958
GLC10_P0282,10,大田农作物 (通用耕地),0.989,26.25,1.75,17500.0,624.9,0.563,优 (集中连片优质适机区),-13.287241,16.187517
GLC10_P0283,10,大田农作物 (通用耕地),1.0,26.1,1.74,17400.0,610.9,0.586,优 (集中连片优质适机区),-13.810552,16.074062
GLC10_P0284,10,大田农作物 (通用耕地),1.0,25.95,1.73,17300.0,858.0,0.295,良 (标准规整农机作业区),-13.00862,16.536342
GLC10_P0285,10,大田农作物 (通用耕地),1.0,25.8,1.72,17200.0,777.7,0.357,优 (集中连片优质适机区),-13.685438,16.034995
GLC10_P0286,10,大田农作物 (通用耕地),0.994,25.8,1.72,17200.0,783.8,0.352,优 (集中连片优质适机区),-13.98317,16.054739
GLC10_P0287,10,大田农作物 (通用耕地),1.0,25.35,1.69,16900.0,687.0,0.45,优 (集中连片优质适机区),-13.393117,16.010363
GLC10_P0288,10,大田农作物 (通用耕地),1.0,25.35,1.69,16900.0,553.0,0.694,优 (集中连片优质适机区),-13.399037,16.017546
GLC10_P0289,10,大田农作物 (通用耕地),1.0,25.2,1.68,16800.0,578.0,0.632,优 (集中连片优质适机区),-13.435651,16.143096
GLC10_P0290,10,大田农作物 (通用耕地),1.0,25.05,1.67,16700.0,692.5,0.438,优 (集中连片优质适机区),-13.400308,16.021099
GLC10_P0291,10,大田农作物 (通用耕地),1.0,25.05,1.67,16700.0,717.8,0.407,优 (集中连片优质适机区),-13.40846,16.060771
GLC10_P0292,10,大田农作物 (通用耕地),0.994,25.05,1.67,16700.0,741.4,0.382,优 (集中连片优质适机区),-13.964732,16.29251
GLC10_P0293,10,大田农作物 (通用耕地),1.0,24.75,1.65,16500.0,886.4,0.264,良 (标准规整农机作业区),-13.966173,16.313191
GLC10_P0294,10,大田农作物 (通用耕地),1.0,24.75,1.65,16500.0,555.7,0.671,优 (集中连片优质适机区),-13.387789,16.00422
GLC10_P0295,10,大田农作物 (通用耕地),1.0,24.45,1.63,16300.0,695.0,0.424,优 (集中连片优质适机区),-13.937325,16.152718
GLC10_P0296,10,大田农作物 (通用耕地),1.0,24.3,1.62,16200.0,696.1,0.42,优 (集中连片优质适机区),-13.394447,16.052978
GLC10_P0297,10,大田农作物 (通用耕地),1.0,24.15,1.61,16100.0,896.4,0.252,良 (标准规整农机作业区),-12.172093,17.85824
GLC10_P0298,10,大田农作物 (通用耕地),1.0,24.15,1.61,16100.0,615.0,0.535,优 (集中连片优质适机区),-13.267195,16.16727
GLC10_P0299,10,大田农作物 (通用耕地),0.994,24.15,1.61,16100.0,603.4,0.556,优 (集中连片优质适机区),-12.12236,16.692398
GLC10_P0300,10,大田农作物 (通用耕地),1.0,24.0,1.6,16000.0,610.4,0.54,优 (集中连片优质适机区),-13.976623,17.09374
GLC10_P0301,10,大田农作物 (通用耕地),1.0,23.85,1.59,15900.0,784.0,0.325,良 (标准规整农机作业区),-13.293177,16.185499
GLC10_P0302,10,大田农作物 (通用耕地),0.994,23.85,1.59,15900.0,600.4,0.554,优 (集中连片优质适机区),-13.041049,17.02376
GLC10_P0303,10,大田农作物 (通用耕地),0.994,23.55,1.57,15700.0,868.6,0.261,良 (标准规整农机作业区),-12.948065,16.157714
GLC10_P0304,10,大田农作物 (通用耕地),1.0,23.55,1.57,15700.0,579.4,0.588,优 (集中连片优质适机区),-13.994465,16.262285
GLC10_P0305,10,大田农作物 (通用耕地),0.994,23.25,1.55,15500.0,538.1,0.673,优 (集中连片优质适机区),-13.779938,16.094279
GLC10_P0306,10,大田农作物 (通用耕地),1.0,22.95,1.53,15300.0,887.6,0.244,良 (标准规整农机作业区),-13.482542,16.150748
GLC10_P0307,10,大田农作物 (通用耕地),1.0,22.95,1.53,15300.0,821.4,0.285,良 (标准规整农机作业区),-13.894758,16.224242
GLC10_P0308,10,大田农作物 (通用耕地),1.0,22.95,1.53,15300.0,521.8,0.706,优 (集中连片优质适机区),-12.737607,16.112753
GLC10_P0309,10,大田农作物 (通用耕地),0.987,22.95,1.53,15300.0,927.4,0.224,良 (标准规整农机作业区),-13.238157,16.191575
GLC10_P0310,10,大田农作物 (通用耕地),1.0,22.8,1.52,15200.0,841.4,0.27,良 (标准规整农机作业区),-13.824647,16.126669
GLC10_P0311,10,大田农作物 (通用耕地),1.0,22.8,1.52,15200.0,626.1,0.487,优 (集中连片优质适机区),-13.469648,16.134068
GLC10_P0312,10,大田农作物 (通用耕地),1.0,22.8,1.52,15200.0,857.0,0.26,良 (标准规整农机作业区),-13.345633,16.19086
GLC10_P0313,10,大田农作物 (通用耕地),0.993,22.8,1.52,15200.0,678.7,0.415,优 (集中连片优质适机区),-12.263368,17.985687
GLC10_P0314,10,大田农作物 (通用耕地),1.0,22.65,1.51,15100.0,687.4,0.402,优 (集中连片优质适机区),-13.968902,16.312827
GLC10_P0315,10,大田农作物 (通用耕地),1.0,22.65,1.51,15100.0,771.4,0.319,良 (标准规整农机作业区),-12.747752,16.115873
GLC10_P0316,10,大田农作物 (通用耕地),1.0,22.65,1.51,15100.0,878.0,0.246,良 (标准规整农机作业区),-13.473352,16.091211
GLC10_P0317,10,大田农作物 (通用耕地),1.0,22.5,1.5,15000.0,744.8,0.34,良 (标准规整农机作业区),-13.26788,16.194631
GLC10_P0318,10,大田农作物 (通用耕地),1.0,22.5,1.5,15000.0,790.9,0.301,良 (标准规整农机作业区),-13.101371,16.213419
GLC10_P0319,10,大田农作物 (通用耕地),1.0,22.5,1.5,15000.0,661.4,0.431,优 (集中连片优质适机区),-13.450735,16.138722
GLC10_P0320,10,大田农作物 (通用耕地),1.0,22.35,1.49,14900.0,722.2,0.359,优 (集中连片优质适机区),-13.255693,16.19089
GLC10_P0321,10,大田农作物 (通用耕地),1.0,21.9,1.46,14600.0,943.9,0.206,良 (标准规整农机作业区),-13.26506,16.167278
GLC10_P0322,10,大田农作物 (通用耕地),1.0,21.9,1.46,14600.0,606.0,0.5,优 (集中连片优质适机区),-13.168664,16.179821
GLC10_P0323,10,大田农作物 (通用耕地),1.0,21.75,1.45,14500.0,684.6,0.389,优 (集中连片优质适机区),-13.391883,16.931112
GLC10_P0324,10,大田农作物 (通用耕地),1.0,21.75,1.45,14500.0,533.7,0.64,优 (集中连片优质适机区),-13.7869,16.113886
GLC10_P0325,10,大田农作物 (通用耕地),0.993,21.75,1.45,14500.0,862.3,0.245,良 (标准规整农机作业区),-13.55302,16.085822
GLC10_P0326,10,大田农作物 (通用耕地),1.0,21.75,1.45,14500.0,502.4,0.722,优 (集中连片优质适机区),-13.703877,16.158478
GLC10_P0327,10,大田农作物 (通用耕地),0.993,21.6,1.44,14400.0,655.3,0.421,优 (集中连片优质适机区),-13.449048,16.068326
GLC10_P0328,10,大田农作物 (通用耕地),1.0,21.6,1.44,14400.0,778.8,0.298,良 (标准规整农机作业区),-13.932495,16.286865
GLC10_P0329,10,大田农作物 (通用耕地),1.0,21.6,1.44,14400.0,566.6,0.564,优 (集中连片优质适机区),-13.651259,16.008151
GLC10_P0330,10,大田农作物 (通用耕地),1.0,21.45,1.43,14300.0,785.4,0.291,良 (标准规整农机作业区),-12.564356,17.158495
GLC10_P0331,10,大田农作物 (通用耕地),1.0,21.45,1.43,14300.0,677.4,0.392,优 (集中连片优质适机区),-13.1656,16.193969
GLC10_P0332,10,大田农作物 (通用耕地),0.993,21.3,1.42,14200.0,513.4,0.677,优 (集中连片优质适机区),-13.40462,16.153107
GLC10_P0333,10,大田农作物 (通用耕地),0.993,21.15,1.41,14100.0,556.2,0.573,优 (集中连片优质适机区),-13.42333,16.054388
GLC10_P0334,10,大田农作物 (通用耕地),0.986,21.15,1.41,14100.0,481.2,0.765,优 (集中连片优质适机区),-13.460009,16.098298
GLC10_P0335,10,大田农作物 (通用耕地),1.0,21.15,1.41,14100.0,929.1,0.205,良 (标准规整农机作业区),-12.325883,17.247143
GLC10_P0336,10,大田农作物 (通用耕地),1.0,21.15,1.41,14100.0,604.1,0.486,优 (集中连片优质适机区),-13.370555,16.022382
GLC10_P0337,10,大田农作物 (通用耕地),1.0,21.0,1.4,14000.0,614.8,0.465,优 (集中连片优质适机区),-13.221269,16.18471
GLC10_P0338,10,大田农作物 (通用耕地),1.0,21.0,1.4,14000.0,620.1,0.458,优 (集中连片优质适机区),-13.537025,16.43208
GLC10_P0339,10,大田农作物 (通用耕地),1.0,20.85,1.39,13900.0,810.3,0.266,良 (标准规整农机作业区),-13.18561,16.821853
GLC10_P0340,10,大田农作物 (通用耕地),1.0,20.85,1.39,13900.0,660.5,0.4,优 (集中连片优质适机区),-12.737933,16.141029
GLC10_P0341,10,大田农作物 (通用耕地),1.0,20.85,1.39,13900.0,559.1,0.559,优 (集中连片优质适机区),-13.625105,16.014767
GLC10_P0342,10,大田农作物 (通用耕地),1.0,20.7,1.38,13800.0,481.6,0.748,优 (集中连片优质适机区),-13.47674,16.07296
GLC10_P0343,10,大田农作物 (通用耕地),1.0,20.7,1.38,13800.0,764.5,0.297,良 (标准规整农机作业区),-13.206981,16.168449
GLC10_P0344,10,大田农作物 (通用耕地),1.0,20.55,1.37,13700.0,523.8,0.627,优 (集中连片优质适机区),-13.780221,16.100609
GLC10_P0345,10,大田农作物 (通用耕地),1.0,20.25,1.35,13500.0,614.9,0.449,优 (集中连片优质适机区),-13.353162,16.025025
GLC10_P0346,10,大田农作物 (通用耕地),1.0,20.25,1.35,13500.0,714.4,0.332,良 (标准规整农机作业区),-13.41029,16.925218
GLC10_P0347,10,大田农作物 (通用耕地),0.985,20.1,1.34,13400.0,628.9,0.426,优 (集中连片优质适机区),-13.963645,16.290964
GLC10_P0348,10,大田农作物 (通用耕地),0.985,20.1,1.34,13400.0,533.0,0.593,优 (集中连片优质适机区),-13.473362,16.14734
GLC10_P0349,10,大田农作物 (通用耕地),1.0,20.1,1.34,13400.0,744.0,0.304,良 (标准规整农机作业区),-13.112547,16.224353
GLC10_P0350,10,大田农作物 (通用耕地),0.985,20.1,1.34,13400.0,612.7,0.449,优 (集中连片优质适机区),-12.749468,16.112062
GLC10_P0351,10,大田农作物 (通用耕地),1.0,20.1,1.34,13400.0,472.9,0.753,优 (集中连片优质适机区),-13.769647,16.102858
GLC10_P0352,10,大田农作物 (通用耕地),1.0,20.1,1.34,13400.0,674.5,0.37,优 (集中连片优质适机区),-13.278629,16.183679
GLC10_P0353,10,大田农作物 (通用耕地),1.0,19.95,1.33,13300.0,644.1,0.403,优 (集中连片优质适机区),-13.657039,16.012657
GLC10_P0354,10,大田农作物 (通用耕地),0.985,19.95,1.33,13300.0,937.2,0.19,良 (标准规整农机作业区),-13.502316,16.444759
GLC10_P0355,10,大田农作物 (通用耕地),1.0,19.95,1.33,13300.0,596.7,0.469,优 (集中连片优质适机区),-12.945488,16.152871
GLC10_P0356,10,大田农作物 (通用耕地),1.0,19.95,1.33,13300.0,755.3,0.293,良 (标准规整农机作业区),-12.834204,16.778843
GLC10_P0357,10,大田农作物 (通用耕地),0.992,19.8,1.32,13200.0,608.1,0.449,优 (集中连片优质适机区),-13.622682,16.013
GLC10_P0358,10,大田农作物 (通用耕地),0.985,19.65,1.31,13100.0,652.8,0.386,优 (集中连片优质适机区),-13.371581,16.937983
GLC10_P0359,10,大田农作物 (通用耕地),1.0,19.65,1.31,13100.0,560.0,0.525,优 (集中连片优质适机区),-13.967423,16.300132
GLC10_P0360,10,大田农作物 (通用耕地),1.0,19.65,1.31,13100.0,432.6,0.88,优 (集中连片优质适机区),-13.436441,16.060218
GLC10_P0361,10,大田农作物 (通用耕地),1.0,19.65,1.31,13100.0,669.6,0.367,优 (集中连片优质适机区),-13.268747,16.186063
GLC10_P0362,10,大田农作物 (通用耕地),0.992,19.5,1.3,13000.0,624.9,0.418,优 (集中连片优质适机区),-13.414288,16.092724
GLC10_P0363,10,大田农作物 (通用耕地),1.0,19.5,1.3,13000.0,682.9,0.35,优 (集中连片优质适机区),-13.706898,16.153574
GLC10_P0364,10,大田农作物 (通用耕地),1.0,19.5,1.3,13000.0,499.7,0.654,优 (集中连片优质适机区),-13.367245,16.037007
GLC10_P0365,10,大田农作物 (通用耕地),1.0,19.5,1.3,13000.0,438.2,0.851,优 (集中连片优质适机区),-13.776632,16.154731
GLC10_P0366,10,大田农作物 (通用耕地),0.992,19.35,1.29,12900.0,484.5,0.691,优 (集中连片优质适机区),-13.448677,16.131922
GLC10_P0367,10,大田农作物 (通用耕地),1.0,19.35,1.29,12900.0,764.5,0.277,良 (标准规整农机作业区),-13.983673,17.082498
GLC10_P0368,10,大田农作物 (通用耕地),1.0,19.35,1.29,12900.0,577.0,0.487,优 (集中连片优质适机区),-12.258725,17.972494
GLC10_P0369,10,大田农作物 (通用耕地),1.0,19.35,1.29,12900.0,684.4,0.346,良 (标准规整农机作业区),-12.833069,16.315117
GLC10_P0370,10,大田农作物 (通用耕地),1.0,19.2,1.28,12800.0,651.1,0.379,优 (集中连片优质适机区),-13.201716,16.208749
GLC10_P0371,10,大田农作物 (通用耕地),1.0,19.05,1.27,12700.0,497.8,0.644,优 (集中连片优质适机区),-12.714954,16.140376
GLC10_P0372,10,大田农作物 (通用耕地),1.0,18.75,1.25,12500.0,537.6,0.543,优 (集中连片优质适机区),-13.178202,16.178269
GLC10_P0373,10,大田农作物 (通用耕地),1.0,18.75,1.25,12500.0,679.2,0.341,良 (标准规整农机作业区),-13.003931,16.528346
GLC10_P0374,10,大田农作物 (通用耕地),1.0,18.75,1.25,12500.0,690.9,0.329,良 (标准规整农机作业区),-13.436865,16.088363
GLC10_P0375,10,大田农作物 (通用耕地),1.0,18.75,1.25,12500.0,532.4,0.554,优 (集中连片优质适机区),-13.438614,16.180157
GLC10_P0376,10,大田农作物 (通用耕地),1.0,18.75,1.25,12500.0,653.3,0.368,优 (集中连片优质适机区),-13.300814,16.193144
GLC10_P0377,10,大田农作物 (通用耕地),1.0,18.75,1.25,12500.0,483.4,0.672,优 (集中连片优质适机区),-13.091153,16.205653
GLC10_P0378,10,大田农作物 (通用耕地),1.0,18.6,1.24,12400.0,559.5,0.498,优 (集中连片优质适机区),-13.963297,16.300646
GLC10_P0379,10,大田农作物 (通用耕地),1.0,18.6,1.24,12400.0,620.3,0.405,优 (集中连片优质适机区),-13.200454,16.213376
GLC10_P0380,10,大田农作物 (通用耕地),1.0,18.6,1.24,12400.0,829.6,0.226,良 (标准规整农机作业区),-13.283349,16.186607
GLC10_P0381,10,大田农作物 (通用耕地),0.992,18.45,1.23,12300.0,590.5,0.443,优 (集中连片优质适机区),-13.478948,16.049916
GLC10_P0382,10,大田农作物 (通用耕地),0.992,18.3,1.22,12200.0,535.5,0.535,优 (集中连片优质适机区),-13.166702,16.185253
GLC10_P0383,10,大田农作物 (通用耕地),1.0,18.3,1.22,12200.0,518.2,0.571,优 (集中连片优质适机区),-13.561933,16.137792
GLC10_P0384,10,大田农作物 (通用耕地),0.984,18.3,1.22,12200.0,576.9,0.461,优 (集中连片优质适机区),-12.826345,16.277676
GLC10_P0385,10,大田农作物 (通用耕地),1.0,18.3,1.22,12200.0,556.2,0.495,优 (集中连片优质适机区),-13.479221,16.060537
GLC10_P0386,10,大田农作物 (通用耕地),0.992,18.3,1.22,12200.0,655.1,0.357,优 (集中连片优质适机区),-13.338579,16.193868
GLC10_P0387,10,大田农作物 (通用耕地),1.0,18.15,1.21,12100.0,559.8,0.485,优 (集中连片优质适机区),-13.204787,16.180218
GLC10_P0388,10,大田农作物 (通用耕地),1.0,18.15,1.21,12100.0,665.6,0.343,良 (标准规整农机作业区),-13.989412,17.101278
GLC10_P0389,10,大田农作物 (通用耕地),1.0,18.15,1.21,12100.0,673.5,0.335,良 (标准规整农机作业区),-13.720556,16.051775
GLC10_P0390,10,大田农作物 (通用耕地),0.992,18.15,1.21,12100.0,529.3,0.543,优 (集中连片优质适机区),-13.148648,16.200935
GLC10_P0391,10,大田农作物 (通用耕地),1.0,18.0,1.2,12000.0,719.1,0.292,良 (标准规整农机作业区),-12.870776,17.413079
GLC10_P0392,10,大田农作物 (通用耕地),1.0,18.0,1.2,12000.0,750.0,0.268,良 (标准规整农机作业区),-13.202785,16.17917
GLC10_P0393,10,大田农作物 (通用耕地),1.0,17.85,1.19,11900.0,513.3,0.568,优 (集中连片优质适机区),-13.693526,16.096871
GLC10_P0394,10,大田农作物 (通用耕地),1.0,17.7,1.18,11800.0,532.1,0.524,优 (集中连片优质适机区),-13.142819,16.212337
GLC10_P0395,10,大田农作物 (通用耕地),1.0,17.7,1.18,11800.0,715.2,0.29,良 (标准规整农机作业区),-13.312334,16.186918
GLC10_P0396,10,大田农作物 (通用耕地),0.992,17.7,1.18,11800.0,591.7,0.424,优 (集中连片优质适机区),-13.249058,16.179076
GLC10_P0397,10,大田农作物 (通用耕地),0.992,17.7,1.18,11800.0,594.7,0.419,优 (集中连片优质适机区),-13.729154,16.963556
GLC10_P0398,10,大田农作物 (通用耕地),1.0,17.7,1.18,11800.0,552.3,0.486,优 (集中连片优质适机区),-12.712806,16.141595
GLC10_P0399,10,大田农作物 (通用耕地),0.991,17.55,1.17,11700.0,568.1,0.456,优 (集中连片优质适机区),-13.937171,16.150686
GLC10_P0400,10,大田农作物 (通用耕地),1.0,17.4,1.16,11600.0,432.9,0.778,优 (集中连片优质适机区),-13.463177,16.140443
GLC10_P0401,10,大田农作物 (通用耕地),1.0,17.4,1.16,11600.0,668.0,0.327,良 (标准规整农机作业区),-13.272947,16.181421
GLC10_P0402,10,大田农作物 (通用耕地),0.983,17.4,1.16,11600.0,531.2,0.517,优 (集中连片优质适机区),-13.226024,16.196148
GLC10_P0403,10,大田农作物 (通用耕地),1.0,17.25,1.15,11500.0,592.8,0.411,优 (集中连片优质适机区),-13.618888,16.614803
GLC10_P0404,10,大田农作物 (通用耕地),1.0,17.25,1.15,11500.0,516.3,0.542,优 (集中连片优质适机区),-13.3093,16.1879
GLC10_P0405,10,大田农作物 (通用耕地),1.0,17.25,1.15,11500.0,707.7,0.289,良 (标准规整农机作业区),-13.734931,16.229331
GLC10_P0406,10,大田农作物 (通用耕地),1.0,17.1,1.14,11400.0,454.1,0.695,优 (集中连片优质适机区),-13.445132,16.025559
GLC10_P0407,10,大田农作物 (通用耕地),0.991,17.1,1.14,11400.0,575.2,0.433,优 (集中连片优质适机区),-13.945866,16.287673
GLC10_P0408,10,大田农作物 (通用耕地),1.0,16.95,1.13,11300.0,574.5,0.43,优 (集中连片优质适机区),-13.240127,16.193662
GLC10_P0409,10,大田农作物 (通用耕地),1.0,16.95,1.13,11300.0,665.7,0.32,良 (标准规整农机作业区),-12.468398,16.209951
GLC10_P0410,10,大田农作物 (通用耕地),1.0,16.95,1.13,11300.0,572.1,0.434,优 (集中连片优质适机区),-13.460435,16.170468
GLC10_P0411,10,大田农作物 (通用耕地),1.0,16.95,1.13,11300.0,543.1,0.481,优 (集中连片优质适机区),-13.779997,16.106745
GLC10_P0412,10,大田农作物 (通用耕地),1.0,16.95,1.13,11300.0,510.9,0.544,优 (集中连片优质适机区),-13.32596,17.236979
GLC10_P0413,10,大田农作物 (通用耕地),1.0,16.95,1.13,11300.0,635.6,0.352,优 (集中连片优质适机区),-13.649811,16.003009
GLC10_P0414,10,大田农作物 (通用耕地),0.982,16.8,1.12,11200.0,535.7,0.49,优 (集中连片优质适机区),-13.262605,16.174138
GLC10_P0415,10,大田农作物 (通用耕地),1.0,16.8,1.12,11200.0,558.0,0.452,优 (集中连片优质适机区),-12.84698,16.36938
GLC10_P0416,10,大田农作物 (通用耕地),0.982,16.65,1.11,11100.0,473.6,0.622,优 (集中连片优质适机区),-13.103213,16.214284
GLC10_P0417,10,大田农作物 (通用耕地),1.0,16.65,1.11,11100.0,438.9,0.724,优 (集中连片优质适机区),-13.661949,16.049133
GLC10_P0418,10,大田农作物 (通用耕地),1.0,16.65,1.11,11100.0,575.8,0.421,优 (集中连片优质适机区),-13.275069,16.198246
GLC10_P0419,10,大田农作物 (通用耕地),1.0,16.65,1.11,11100.0,659.3,0.321,良 (标准规整农机作业区),-13.255084,16.181495
GLC10_P0420,10,大田农作物 (通用耕地),0.964,16.65,1.11,11100.0,423.5,0.778,优 (集中连片优质适机区),-13.780073,16.090879
GLC10_P0421,10,大田农作物 (通用耕地),1.0,16.5,1.1,11000.0,511.7,0.528,优 (集中连片优质适机区),-13.246317,16.193847
GLC10_P0422,10,大田农作物 (通用耕地),0.991,16.5,1.1,11000.0,452.9,0.674,优 (集中连片优质适机区),-13.989484,17.095216
GLC10_P0423,10,大田农作物 (通用耕地),1.0,16.35,1.09,10900.0,463.1,0.639,优 (集中连片优质适机区),-13.475424,16.154645
GLC10_P0424,10,大田农作物 (通用耕地),1.0,16.35,1.09,10900.0,492.0,0.566,优 (集中连片优质适机区),-13.634466,16.002088
GLC10_P0425,10,大田农作物 (通用耕地),1.0,16.35,1.09,10900.0,517.8,0.511,优 (集中连片优质适机区),-13.401532,16.020219
GLC10_P0426,10,大田农作物 (通用耕地),1.0,16.35,1.09,10900.0,405.6,0.833,优 (集中连片优质适机区),-13.621107,16.092928
GLC10_P0427,10,大田农作物 (通用耕地),0.963,16.35,1.09,10900.0,446.3,0.688,优 (集中连片优质适机区),-12.460906,16.216783
GLC10_P0428,10,大田农作物 (通用耕地),1.0,16.35,1.09,10900.0,580.6,0.406,优 (集中连片优质适机区),-13.875112,16.201553
GLC10_P0429,10,大田农作物 (通用耕地),1.0,16.2,1.08,10800.0,596.3,0.382,优 (集中连片优质适机区),-13.459894,16.153335
GLC10_P0430,10,大田农作物 (通用耕地),1.0,16.2,1.08,10800.0,530.3,0.483,优 (集中连片优质适机区),-13.453742,16.131705
GLC10_P0431,10,大田农作物 (通用耕地),1.0,16.2,1.08,10800.0,649.6,0.322,良 (标准规整农机作业区),-13.644394,16.00423
GLC10_P0432,10,大田农作物 (通用耕地),1.0,16.05,1.07,10700.0,577.2,0.404,优 (集中连片优质适机区),-13.303359,16.192378
GLC10_P0433,10,大田农作物 (通用耕地),1.0,15.9,1.06,10600.0,465.4,0.615,优 (集中连片优质适机区),-13.413526,16.089974
GLC10_P0434,10,大田农作物 (通用耕地),1.0,15.9,1.06,10600.0,444.4,0.675,优 (集中连片优质适机区),-13.683101,16.033159
GLC10_P0435,10,大田农作物 (通用耕地),1.0,15.9,1.06,10600.0,432.7,0.711,优 (集中连片优质适机区),-13.987855,16.279187
GLC10_P0436,10,大田农作物 (通用耕地),1.0,15.75,1.05,10500.0,494.0,0.541,优 (集中连片优质适机区),-13.73813,16.236179
GLC10_P0437,10,大田农作物 (通用耕地),1.0,15.75,1.05,10500.0,627.7,0.335,良 (标准规整农机作业区),-13.538313,16.430819
GLC10_P0438,10,大田农作物 (通用耕地),0.99,15.75,1.05,10500.0,472.7,0.591,优 (集中连片优质适机区),-13.450885,16.140128
GLC10_P0439,10,大田农作物 (通用耕地),0.99,15.6,1.04,10400.0,448.6,0.649,优 (集中连片优质适机区),-12.666651,17.105987
GLC10_P0440,10,大田农作物 (通用耕地),1.0,15.45,1.03,10300.0,442.4,0.661,优 (集中连片优质适机区),-13.216621,16.187903
GLC10_P0441,10,大田农作物 (通用耕地),1.0,15.45,1.03,10300.0,606.6,0.352,优 (集中连片优质适机区),-13.949473,16.15792
GLC10_P0442,10,大田农作物 (通用耕地),1.0,15.45,1.03,10300.0,536.7,0.449,优 (集中连片优质适机区),-13.270945,16.172517
GLC10_P0443,10,大田农作物 (通用耕地),1.0,15.3,1.02,10200.0,516.4,0.481,优 (集中连片优质适机区),-12.746586,17.197095
GLC10_P0444,10,大田农作物 (通用耕地),1.0,15.3,1.02,10200.0,645.0,0.308,良 (标准规整农机作业区),-13.902179,16.107087
GLC10_P0445,10,大田农作物 (通用耕地),1.0,15.3,1.02,10200.0,479.8,0.557,优 (集中连片优质适机区),-13.574083,16.104564
GLC10_P0446,10,大田农作物 (通用耕地),1.0,15.3,1.02,10200.0,417.1,0.737,优 (集中连片优质适机区),-12.750649,16.117741
GLC10_P0447,10,大田农作物 (通用耕地),1.0,15.15,1.01,10100.0,584.3,0.372,优 (集中连片优质适机区),-13.214377,16.180478
GLC10_P0448,10,大田农作物 (通用耕地),1.0,15.0,1.0,10000.0,412.7,0.738,优 (集中连片优质适机区),-13.760408,16.099814
GLC10_P0449,10,大田农作物 (通用耕地),1.0,15.0,1.0,10000.0,555.3,0.408,优 (集中连片优质适机区),-13.033105,17.025704
GLC10_P0450,10,大田农作物 (通用耕地),1.0,14.85,0.99,9900.0,516.6,0.466,良 (标准规整农机作业区),-13.070465,17.146435
GLC10_P0451,10,大田农作物 (通用耕地),1.0,14.85,0.99,9900.0,516.6,0.466,良 (标准规整农机作业区),-13.675917,16.024511
GLC10_P0452,10,大田农作物 (通用耕地),1.0,14.55,0.97,9700.0,549.1,0.404,良 (标准规整农机作业区),-13.678819,16.045122
GLC10_P0453,10,大田农作物 (通用耕地),0.99,14.55,0.97,9700.0,403.4,0.749,良 (标准规整农机作业区),-13.793249,16.108557
GLC10_P0454,10,大田农作物 (通用耕地),1.0,14.55,0.97,9700.0,463.2,0.568,良 (标准规整农机作业区),-13.460175,16.15499
GLC10_P0455,10,大田农作物 (通用耕地),1.0,14.55,0.97,9700.0,458.9,0.579,良 (标准规整农机作业区),-13.980351,17.077281
GLC10_P0456,10,大田农作物 (通用耕地),1.0,14.4,0.96,9600.0,443.7,0.613,良 (标准规整农机作业区),-12.853503,17.043433
GLC10_P0457,10,大田农作物 (通用耕地),1.0,14.25,0.95,9500.0,507.9,0.463,良 (标准规整农机作业区),-13.44607,16.174611
GLC10_P0458,10,大田农作物 (通用耕地),1.0,14.25,0.95,9500.0,704.6,0.24,良 (标准规整农机作业区),-12.708601,16.129156
GLC10_P0459,10,大田农作物 (通用耕地),1.0,14.25,0.95,9500.0,595.7,0.336,良 (标准规整农机作业区),-13.2023,16.190046
GLC10_P0460,10,大田农作物 (通用耕地),1.0,14.25,0.95,9500.0,520.2,0.441,良 (标准规整农机作业区),-13.946399,16.286105
GLC10_P0461,10,大田农作物 (通用耕地),1.0,14.1,0.94,9400.0,413.0,0.693,良 (标准规整农机作业区),-13.395037,16.006852
GLC10_P0462,10,大田农作物 (通用耕地),1.0,14.1,0.94,9400.0,461.3,0.555,良 (标准规整农机作业区),-12.930025,16.136562
GLC10_P0463,10,大田农作物 (通用耕地),1.0,14.1,0.94,9400.0,425.4,0.653,良 (标准规整农机作业区),-13.887302,16.1273
GLC10_P0464,10,大田农作物 (通用耕地),1.0,13.95,0.93,9300.0,394.3,0.752,良 (标准规整农机作业区),-13.267095,16.17065
GLC10_P0465,10,大田农作物 (通用耕地),1.0,13.95,0.93,9300.0,458.2,0.557,良 (标准规整农机作业区),-12.480593,16.192308
GLC10_P0466,10,大田农作物 (通用耕地),1.0,13.95,0.93,9300.0,409.1,0.698,良 (标准规整农机作业区),-13.450127,16.137349
GLC10_P0467,10,大田农作物 (通用耕地),1.0,13.8,0.92,9200.0,512.0,0.441,良 (标准规整农机作业区),-13.719916,16.154779
GLC10_P0468,10,大田农作物 (通用耕地),0.989,13.65,0.91,9100.0,445.2,0.577,良 (标准规整农机作业区),-13.203851,16.181591
GLC10_P0469,10,大田农作物 (通用耕地),1.0,13.65,0.91,9100.0,408.5,0.685,良 (标准规整农机作业区),-13.481483,16.150084
GLC10_P0470,10,大田农作物 (通用耕地),1.0,13.65,0.91,9100.0,445.3,0.577,良 (标准规整农机作业区),-13.781386,16.100378
GLC10_P0471,10,大田农作物 (通用耕地),1.0,13.65,0.91,9100.0,536.4,0.397,良 (标准规整农机作业区),-13.819661,16.58876
GLC10_P0472,10,大田农作物 (通用耕地),1.0,13.65,0.91,9100.0,439.3,0.593,良 (标准规整农机作业区),-12.178504,17.87295
GLC10_P0473,10,大田农作物 (通用耕地),1.0,13.65,0.91,9100.0,458.5,0.544,良 (标准规整农机作业区),-13.228253,16.196036
GLC10_P0474,10,大田农作物 (通用耕地),0.989,13.5,0.9,9000.0,519.0,0.42,良 (标准规整农机作业区),-12.761367,17.106824
GLC10_P0475,10,大田农作物 (通用耕地),1.0,13.5,0.9,9000.0,467.3,0.518,良 (标准规整农机作业区),-13.621934,16.603827
GLC10_P0476,10,大田农作物 (通用耕地),1.0,13.5,0.9,9000.0,379.8,0.784,良 (标准规整农机作业区),-13.460043,16.156578
GLC10_P0477,10,大田农作物 (通用耕地),1.0,13.5,0.9,9000.0,409.8,0.673,良 (标准规整农机作业区),-13.965167,16.295204
GLC10_P0478,10,大田农作物 (通用耕地),1.0,13.5,0.9,9000.0,439.9,0.584,良 (标准规整农机作业区),-12.290819,17.5919
GLC10_P0479,10,大田农作物 (通用耕地),0.978,13.5,0.9,9000.0,445.9,0.569,良 (标准规整农机作业区),-13.240749,16.189396
GLC10_P0480,10,大田农作物 (通用耕地),1.0,13.35,0.89,8900.0,434.7,0.592,良 (标准规整农机作业区),-13.632804,16.600384
GLC10_P0481,10,大田农作物 (通用耕地),1.0,13.35,0.89,8900.0,460.9,0.526,良 (标准规整农机作业区),-12.119175,16.694451
GLC10_P0482,10,大田农作物 (通用耕地),1.0,13.35,0.89,8900.0,552.9,0.366,良 (标准规整农机作业区),-13.476431,16.155723
GLC10_P0483,10,大田农作物 (通用耕地),1.0,13.35,0.89,8900.0,378.3,0.781,良 (标准规整农机作业区),-13.727931,16.964646
GLC10_P0484,10,大田农作物 (通用耕地),1.0,13.35,0.89,8900.0,542.5,0.38,良 (标准规整农机作业区),-13.469767,16.103477
GLC10_P0485,10,大田农作物 (通用耕地),1.0,13.35,0.89,8900.0,512.7,0.425,良 (标准规整农机作业区),-13.165011,16.187369
GLC10_P0486,10,大田农作物 (通用耕地),1.0,13.2,0.88,8800.0,402.6,0.682,良 (标准规整农机作业区),-13.955589,16.298268
GLC10_P0487,10,大田农作物 (通用耕地),0.989,13.2,0.88,8800.0,488.3,0.464,良 (标准规整农机作业区),-13.268633,16.174566
GLC10_P0488,10,大田农作物 (通用耕地),1.0,13.2,0.88,8800.0,481.0,0.478,良 (标准规整农机作业区),-13.439144,16.173949
GLC10_P0489,10,大田农作物 (通用耕地),1.0,13.2,0.88,8800.0,455.0,0.534,良 (标准规整农机作业区),-13.202225,16.188082
GLC10_P0490,10,大田农作物 (通用耕地),1.0,13.2,0.88,8800.0,372.9,0.795,良 (标准规整农机作业区),-13.305134,16.194048
GLC10_P0491,10,大田农作物 (通用耕地),1.0,13.05,0.87,8700.0,472.8,0.489,良 (标准规整农机作业区),-13.25206,16.19455
GLC10_P0492,10,大田农作物 (通用耕地),1.0,13.05,0.87,8700.0,452.6,0.534,良 (标准规整农机作业区),-13.76857,16.104662
GLC10_P0493,10,大田农作物 (通用耕地),1.0,13.05,0.87,8700.0,403.1,0.673,良 (标准规整农机作业区),-13.71839,16.15411
GLC10_P0494,10,大田农作物 (通用耕地),1.0,13.05,0.87,8700.0,397.0,0.694,良 (标准规整农机作业区),-13.624916,16.009848
GLC10_P0495,10,大田农作物 (通用耕地),1.0,13.05,0.87,8700.0,413.3,0.64,良 (标准规整农机作业区),-13.195266,16.201109
GLC10_P0496,10,大田农作物 (通用耕地),1.0,13.05,0.87,8700.0,510.3,0.42,良 (标准规整农机作业区),-13.839216,16.109287
GLC10_P0497,10,大田农作物 (通用耕地),0.966,13.05,0.87,8700.0,456.4,0.525,良 (标准规整农机作业区),-13.435703,16.086877
GLC10_P0498,10,大田农作物 (通用耕地),1.0,13.05,0.87,8700.0,527.3,0.393,良 (标准规整农机作业区),-13.990165,17.104215
GLC10_P0499,10,大田农作物 (通用耕地),1.0,13.05,0.87,8700.0,465.6,0.504,良 (标准规整农机作业区),-13.959702,16.306283
GLC10_P0500,10,大田农作物 (通用耕地),1.0,13.05,0.87,8700.0,437.2,0.572,良 (标准规整农机作业区),-13.462794,16.165771
GLC10_P0501,10,大田农作物 (通用耕地),1.0,12.9,0.86,8600.0,464.4,0.501,良 (标准规整农机作业区),-13.193465,16.17298
GLC10_P0502,10,大田农作物 (通用耕地),1.0,12.9,0.86,8600.0,444.2,0.548,良 (标准规整农机作业区),-13.430644,16.144714
GLC10_P0503,10,大田农作物 (通用耕地),1.0,12.9,0.86,8600.0,591.0,0.309,良 (标准规整农机作业区),-12.400698,17.377018
GLC10_P0504,10,大田农作物 (通用耕地),1.0,12.9,0.86,8600.0,374.9,0.769,良 (标准规整农机作业区),-13.140441,16.192804
GLC10_P0505,10,大田农作物 (通用耕地),1.0,12.75,0.85,8500.0,523.4,0.39,良 (标准规整农机作业区),-13.095851,17.488766
GLC10_P0506,10,大田农作物 (通用耕地),1.0,12.6,0.84,8400.0,468.8,0.48,良 (标准规整农机作业区),-12.918084,16.1371
GLC10_P0507,10,大田农作物 (通用耕地),1.0,12.6,0.84,8400.0,504.5,0.415,良 (标准规整农机作业区),-13.254266,16.187865
GLC10_P0508,10,大田农作物 (通用耕地),1.0,12.6,0.84,8400.0,359.1,0.818,良 (标准规整农机作业区),-12.605674,16.065395
GLC10_P0509,10,大田农作物 (通用耕地),1.0,12.6,0.84,8400.0,472.4,0.473,良 (标准规整农机作业区),-13.893065,16.225666
GLC10_P0510,10,大田农作物 (通用耕地),1.0,12.45,0.83,8300.0,441.0,0.536,良 (标准规整农机作业区),-13.01098,16.478692
GLC10_P0511,10,大田农作物 (通用耕地),1.0,12.45,0.83,8300.0,347.2,0.865,良 (标准规整农机作业区),-12.832814,16.312414
GLC10_P0512,10,大田农作物 (通用耕地),1.0,12.45,0.83,8300.0,493.9,0.428,良 (标准规整农机作业区),-13.651017,16.009421
GLC10_P0513,10,大田农作物 (通用耕地),1.0,12.45,0.83,8300.0,471.3,0.469,良 (标准规整农机作业区),-13.278502,16.195798
GLC10_P0514,10,大田农作物 (通用耕地),1.0,12.45,0.83,8300.0,443.2,0.531,良 (标准规整农机作业区),-13.809559,16.072999
GLC10_P0515,10,大田农作物 (通用耕地),0.988,12.3,0.82,8200.0,413.7,0.602,良 (标准规整农机作业区),-13.41328,16.925119
GLC10_P0516,10,大田农作物 (通用耕地),1.0,12.3,0.82,8200.0,320.9,1.0,良 (标准规整农机作业区),-13.388599,16.006442
GLC10_P0517,10,大田农作物 (通用耕地),1.0,12.3,0.82,8200.0,498.9,0.414,良 (标准规整农机作业区),-13.984603,16.338812
GLC10_P0518,10,大田农作物 (通用耕地),1.0,12.15,0.81,8100.0,429.3,0.552,良 (标准规整农机作业区),-13.209757,16.181551
GLC10_P0519,10,大田农作物 (通用耕地),1.0,12.15,0.81,8100.0,458.7,0.484,良 (标准规整农机作业区),-13.43169,16.142982
GLC10_P0520,10,大田农作物 (通用耕地),0.988,12.15,0.81,8100.0,438.0,0.531,良 (标准规整农机作业区),-13.304172,16.191744
GLC10_P0521,10,大田农作物 (通用耕地),1.0,12.15,0.81,8100.0,413.7,0.595,良 (标准规整农机作业区),-12.895397,16.423816
GLC10_P0522,10,大田农作物 (通用耕地),1.0,12.0,0.8,8000.0,331.8,0.913,良 (标准规整农机作业区),-13.411165,16.163326
GLC10_P0523,10,大田农作物 (通用耕地),1.0,12.0,0.8,8000.0,378.6,0.701,良 (标准规整农机作业区),-12.165966,17.856077
GLC10_P0524,10,大田农作物 (通用耕地),1.0,12.0,0.8,8000.0,453.1,0.49,良 (标准规整农机作业区),-13.75066,16.394562
GLC10_P0525,10,大田农作物 (通用耕地),1.0,12.0,0.8,8000.0,423.5,0.561,良 (标准规整农机作业区),-13.472485,16.1624
GLC10_P0526,10,大田农作物 (通用耕地),1.0,12.0,0.8,8000.0,404.9,0.613,良 (标准规整农机作业区),-13.759192,16.126843
GLC10_P0527,10,大田农作物 (通用耕地),1.0,11.85,0.79,7900.0,511.1,0.38,良 (标准规整农机作业区),-13.409152,16.059809
GLC10_P0528,10,大田农作物 (通用耕地),1.0,11.85,0.79,7900.0,386.2,0.666,良 (标准规整农机作业区),-13.77464,16.107898
GLC10_P0529,10,大田农作物 (通用耕地),1.0,11.85,0.79,7900.0,388.5,0.658,良 (标准规整农机作业区),-13.885092,16.187269
GLC10_P0530,10,大田农作物 (通用耕地),1.0,11.7,0.78,7800.0,424.6,0.544,良 (标准规整农机作业区),-13.364943,16.015942
GLC10_P0531,10,大田农作物 (通用耕地),0.974,11.7,0.78,7800.0,405.1,0.597,良 (标准规整农机作业区),-13.941953,16.28048
GLC10_P0532,10,大田农作物 (通用耕地),1.0,11.7,0.78,7800.0,479.7,0.426,良 (标准规整农机作业区),-13.276151,16.184325
GLC10_P0533,10,大田农作物 (通用耕地),1.0,11.7,0.78,7800.0,361.6,0.75,良 (标准规整农机作业区),-13.777464,16.098705
GLC10_P0534,10,大田农作物 (通用耕地),1.0,11.7,0.78,7800.0,520.2,0.362,良 (标准规整农机作业区),-13.243651,16.19304
GLC10_P0535,10,大田农作物 (通用耕地),0.987,11.7,0.78,7800.0,427.9,0.535,良 (标准规整农机作业区),-13.254208,16.182718
GLC10_P0536,10,大田农作物 (通用耕地),1.0,11.7,0.78,7800.0,398.3,0.618,良 (标准规整农机作业区),-13.194723,16.172664
GLC10_P0537,10,大田农作物 (通用耕地),0.987,11.7,0.78,7800.0,346.0,0.819,良 (标准规整农机作业区),-13.67063,16.181252
GLC10_P0538,10,大田农作物 (通用耕地),1.0,11.55,0.77,7700.0,382.0,0.663,良 (标准规整农机作业区),-13.965661,16.268064
GLC10_P0539,10,大田农作物 (通用耕地),1.0,11.55,0.77,7700.0,345.4,0.811,良 (标准规整农机作业区),-13.964074,16.324068
GLC10_P0540,10,大田农作物 (通用耕地),1.0,11.55,0.77,7700.0,420.5,0.547,良 (标准规整农机作业区),-12.935109,17.197946
GLC10_P0541,10,大田农作物 (通用耕地),1.0,11.55,0.77,7700.0,455.9,0.465,良 (标准规整农机作业区),-13.879637,16.217756
GLC10_P0542,10,大田农作物 (通用耕地),1.0,11.55,0.77,7700.0,381.9,0.663,良 (标准规整农机作业区),-13.781511,16.093056
GLC10_P0543,10,大田农作物 (通用耕地),1.0,11.55,0.77,7700.0,407.0,0.584,良 (标准规整农机作业区),-13.666601,16.179944
GLC10_P0544,10,大田农作物 (通用耕地),1.0,11.55,0.77,7700.0,353.9,0.772,良 (标准规整农机作业区),-13.789698,16.844049
GLC10_P0545,10,大田农作物 (通用耕地),1.0,11.4,0.76,7600.0,371.8,0.691,良 (标准规整农机作业区),-12.894351,16.422467
GLC10_P0546,10,大田农作物 (通用耕地),1.0,11.4,0.76,7600.0,396.2,0.609,良 (标准规整农机作业区),-13.428582,16.064957
GLC10_P0547,10,大田农作物 (通用耕地),1.0,11.4,0.76,7600.0,554.4,0.311,良 (标准规整农机作业区),-13.652668,16.009063
GLC10_P0548,10,大田农作物 (通用耕地),1.0,11.4,0.76,7600.0,391.1,0.624,良 (标准规整农机作业区),-13.934926,16.120315
GLC10_P0549,10,大田农作物 (通用耕地),1.0,11.4,0.76,7600.0,367.8,0.706,良 (标准规整农机作业区),-13.208484,16.192184
GLC10_P0550,10,大田农作物 (通用耕地),1.0,11.4,0.76,7600.0,465.1,0.441,良 (标准规整农机作业区),-13.725697,16.053322
GLC10_P0551,10,大田农作物 (通用耕地),1.0,11.4,0.76,7600.0,367.1,0.709,良 (标准规整农机作业区),-13.037177,17.139994
GLC10_P0552,10,大田农作物 (通用耕地),1.0,11.25,0.75,7500.0,320.5,0.917,良 (标准规整农机作业区),-13.478652,16.070673
GLC10_P0553,10,大田农作物 (通用耕地),1.0,11.25,0.75,7500.0,455.2,0.455,良 (标准规整农机作业区),-13.293598,16.197667
GLC10_P0554,10,大田农作物 (通用耕地),1.0,11.25,0.75,7500.0,483.1,0.404,良 (标准规整农机作业区),-13.464679,16.158971
GLC10_P0555,10,大田农作物 (通用耕地),0.987,11.25,0.75,7500.0,346.8,0.784,良 (标准规整农机作业区),-12.239582,16.20492
GLC10_P0556,10,大田农作物 (通用耕地),1.0,11.25,0.75,7500.0,359.4,0.73,良 (标准规整农机作业区),-12.601105,16.072748
GLC10_P0557,10,大田农作物 (通用耕地),1.0,11.1,0.74,7400.0,337.1,0.818,良 (标准规整农机作业区),-13.250149,16.193802
GLC10_P0558,10,大田农作物 (通用耕地),0.986,11.1,0.74,7400.0,411.8,0.548,良 (标准规整农机作业区),-13.32835,16.184457
GLC10_P0559,10,大田农作物 (通用耕地),1.0,11.1,0.74,7400.0,349.6,0.761,良 (标准规整农机作业区),-13.084731,17.504269
GLC10_P0560,10,大田农作物 (通用耕地),1.0,10.95,0.73,7300.0,361.9,0.701,良 (标准规整农机作业区),-13.625018,16.011857
GLC10_P0561,10,大田农作物 (通用耕地),1.0,10.95,0.73,7300.0,460.9,0.432,良 (标准规整农机作业区),-13.486985,16.448218
GLC10_P0562,10,大田农作物 (通用耕地),0.973,10.95,0.73,7300.0,379.1,0.638,良 (标准规整农机作业区),-13.93781,16.149159
GLC10_P0563,10,大田农作物 (通用耕地),1.0,10.95,0.73,7300.0,357.8,0.717,良 (标准规整农机作业区),-12.550671,16.217214
GLC10_P0564,10,大田农作物 (通用耕地),1.0,10.8,0.72,7200.0,401.4,0.562,良 (标准规整农机作业区),-13.255633,16.176602
GLC10_P0565,10,大田农作物 (通用耕地),1.0,10.8,0.72,7200.0,348.1,0.747,良 (标准规整农机作业区),-13.961326,16.29899
GLC10_P0566,10,大田农作物 (通用耕地),1.0,10.8,0.72,7200.0,390.1,0.595,良 (标准规整农机作业区),-12.866265,17.411089
GLC10_P0567,10,大田农作物 (通用耕地),1.0,10.8,0.72,7200.0,346.0,0.756,良 (标准规整农机作业区),-12.887749,16.144954
GLC10_P0568,10,大田农作物 (通用耕地),0.986,10.8,0.72,7200.0,422.9,0.506,良 (标准规整农机作业区),-13.258977,16.167715
GLC10_P0569,10,大田农作物 (通用耕地),1.0,10.8,0.72,7200.0,412.7,0.531,良 (标准规整农机作业区),-13.168012,16.179286
GLC10_P0570,10,大田农作物 (通用耕地),1.0,10.8,0.72,7200.0,333.6,0.813,良 (标准规整农机作业区),-13.82494,16.600996
GLC10_P0571,10,大田农作物 (通用耕地),1.0,10.8,0.72,7200.0,494.8,0.37,良 (标准规整农机作业区),-12.759926,17.107381
GLC10_P0572,10,大田农作物 (通用耕地),1.0,10.8,0.72,7200.0,459.1,0.429,良 (标准规整农机作业区),-13.669635,16.181953
GLC10_P0573,10,大田农作物 (通用耕地),1.0,10.8,0.72,7200.0,511.0,0.346,良 (标准规整农机作业区),-13.764325,16.089827
GLC10_P0574,10,大田农作物 (通用耕地),1.0,10.8,0.72,7200.0,346.6,0.753,良 (标准规整农机作业区),-13.380936,16.029802
GLC10_P0575,10,大田农作物 (通用耕地),1.0,10.65,0.71,7100.0,395.8,0.569,良 (标准规整农机作业区),-13.574557,16.135228
GLC10_P0576,10,大田农作物 (通用耕地),1.0,10.65,0.71,7100.0,377.8,0.625,良 (标准规整农机作业区),-13.24238,16.192262
GLC10_P0577,10,大田农作物 (通用耕地),1.0,10.65,0.71,7100.0,458.4,0.425,良 (标准规整农机作业区),-13.672553,16.037556
GLC10_P0578,10,大田农作物 (通用耕地),1.0,10.65,0.71,7100.0,434.4,0.473,良 (标准规整农机作业区),-13.447251,16.131803
GLC10_P0579,10,大田农作物 (通用耕地),1.0,10.65,0.71,7100.0,491.9,0.369,良 (标准规整农机作业区),-13.442327,16.044814
GLC10_P0580,10,大田农作物 (通用耕地),1.0,10.5,0.7,7000.0,389.9,0.579,良 (标准规整农机作业区),-13.468569,17.206479
GLC10_P0581,10,大田农作物 (通用耕地),1.0,10.5,0.7,7000.0,332.8,0.794,良 (标准规整农机作业区),-13.29677,16.20256
GLC10_P0582,10,大田农作物 (通用耕地),1.0,10.5,0.7,7000.0,395.4,0.563,良 (标准规整农机作业区),-13.740601,16.081874
GLC10_P0583,10,大田农作物 (通用耕地),1.0,10.5,0.7,7000.0,374.7,0.626,良 (标准规整农机作业区),-13.485521,16.448461
GLC10_P0584,10,大田农作物 (通用耕地),1.0,10.5,0.7,7000.0,459.4,0.417,良 (标准规整农机作业区),-13.268723,16.193028
GLC10_P0585,10,大田农作物 (通用耕地),0.986,10.5,0.7,7000.0,317.7,0.871,良 (标准规整农机作业区),-13.413501,16.158846
GLC10_P0586,10,大田农作物 (通用耕地),1.0,10.5,0.7,7000.0,412.6,0.517,良 (标准规整农机作业区),-13.343189,16.191003
GLC10_P0587,10,大田农作物 (通用耕地),0.986,10.35,0.69,6900.0,361.1,0.665,良 (标准规整农机作业区),-13.622765,16.608663
GLC10_P0588,10,大田农作物 (通用耕地),1.0,10.35,0.69,6900.0,311.4,0.894,良 (标准规整农机作业区),-13.433006,16.142514
GLC10_P0589,10,大田农作物 (通用耕地),1.0,10.35,0.69,6900.0,380.9,0.598,良 (标准规整农机作业区),-13.239944,16.156902
GLC10_P0590,10,大田农作物 (通用耕地),1.0,10.35,0.69,6900.0,361.2,0.665,良 (标准规整农机作业区),-13.576997,16.08469
GLC10_P0591,10,大田农作物 (通用耕地),1.0,10.35,0.69,6900.0,318.0,0.857,良 (标准规整农机作业区),-13.463646,16.09227
GLC10_P0592,10,大田农作物 (通用耕地),0.985,10.2,0.68,6800.0,335.9,0.757,良 (标准规整农机作业区),-13.777477,16.103145
GLC10_P0593,10,大田农作物 (通用耕地),1.0,10.2,0.68,6800.0,417.6,0.49,良 (标准规整农机作业区),-13.21801,16.190243
GLC10_P0594,10,大田农作物 (通用耕地),1.0,10.2,0.68,6800.0,277.8,1.0,良 (标准规整农机作业区),-13.62936,16.010091
GLC10_P0595,10,大田农作物 (通用耕地),1.0,10.2,0.68,6800.0,470.2,0.387,良 (标准规整农机作业区),-12.741324,16.152495
GLC10_P0596,10,大田农作物 (通用耕地),1.0,10.2,0.68,6800.0,339.9,0.74,良 (标准规整农机作业区),-12.617403,17.238969
GLC10_P0597,10,大田农作物 (通用耕地),1.0,10.05,0.67,6700.0,348.9,0.692,良 (标准规整农机作业区),-12.316884,16.424343
GLC10_P0598,10,大田农作物 (通用耕地),0.985,10.05,0.67,6700.0,362.8,0.64,良 (标准规整农机作业区),-13.942155,16.116981
GLC10_P0599,10,大田农作物 (通用耕地),1.0,10.05,0.67,6700.0,464.4,0.39,良 (标准规整农机作业区),-13.363794,16.034003
GLC10_P0600,10,大田农作物 (通用耕地),1.0,10.05,0.67,6700.0,358.2,0.656,良 (标准规整农机作业区),-13.270111,16.171635
GLC10_P0601,10,大田农作物 (通用耕地),0.985,10.05,0.67,6700.0,343.3,0.714,良 (标准规整农机作业区),-12.602162,16.072178
GLC10_P0602,10,大田农作物 (通用耕地),1.0,10.05,0.67,6700.0,301.6,0.925,良 (标准规整农机作业区),-13.305233,16.193114
GLC10_P0603,10,大田农作物 (通用耕地),1.0,10.05,0.67,6700.0,409.4,0.502,良 (标准规整农机作业区),-13.200761,16.215383
GLC10_P0604,10,大田农作物 (通用耕地),0.97,10.05,0.67,6700.0,309.7,0.878,良 (标准规整农机作业区),-13.467355,16.15925
GLC10_P0605,10,大田农作物 (通用耕地),1.0,10.05,0.67,6700.0,366.8,0.626,良 (标准规整农机作业区),-13.470374,16.156287
GLC10_P0606,10,大田农作物 (通用耕地),1.0,10.05,0.67,6700.0,399.2,0.528,良 (标准规整农机作业区),-13.288075,17.212376
GLC10_P0607,10,大田农作物 (通用耕地),1.0,10.05,0.67,6700.0,407.4,0.507,良 (标准规整农机作业区),-12.479777,16.193084
GLC10_P0608,10,大田农作物 (通用耕地),1.0,9.9,0.66,6600.0,428.6,0.452,良 (标准规整农机作业区),-13.872642,16.695308
GLC10_P0609,10,大田农作物 (通用耕地),1.0,9.9,0.66,6600.0,419.9,0.47,良 (标准规整农机作业区),-12.853024,17.047072
GLC10_P0610,10,大田农作物 (通用耕地),1.0,9.9,0.66,6600.0,348.5,0.683,良 (标准规整农机作业区),-12.56745,16.145758
GLC10_P0611,10,大田农作物 (通用耕地),1.0,9.9,0.66,6600.0,382.8,0.566,良 (标准规整农机作业区),-13.259007,16.183891
GLC10_P0612,10,大田农作物 (通用耕地),1.0,9.9,0.66,6600.0,371.5,0.601,良 (标准规整农机作业区),-12.884012,16.142791
GLC10_P0613,10,大田农作物 (通用耕地),1.0,9.9,0.66,6600.0,390.6,0.544,良 (标准规整农机作业区),-13.407624,16.168158
GLC10_P0614,10,大田农作物 (通用耕地),1.0,9.75,0.65,6500.0,398.2,0.515,良 (标准规整农机作业区),-13.911423,16.150817
GLC10_P0615,10,大田农作物 (通用耕地),1.0,9.75,0.65,6500.0,342.4,0.697,良 (标准规整农机作业区),-12.750386,16.114696
GLC10_P0616,10,大田农作物 (通用耕地),1.0,9.75,0.65,6500.0,429.9,0.442,良 (标准规整农机作业区),-13.680111,16.046191
GLC10_P0617,10,大田农作物 (通用耕地),1.0,9.75,0.65,6500.0,361.1,0.626,良 (标准规整农机作业区),-12.761089,17.108038
GLC10_P0618,10,大田农作物 (通用耕地),1.0,9.75,0.65,6500.0,348.0,0.674,良 (标准规整农机作业区),-13.088213,16.201764
GLC10_P0619,10,大田农作物 (通用耕地),1.0,9.75,0.65,6500.0,388.3,0.542,良 (标准规整农机作业区),-13.938748,16.1476
GLC10_P0620,10,大田农作物 (通用耕地),1.0,9.75,0.65,6500.0,313.8,0.83,良 (标准规整农机作业区),-13.840629,16.107772
GLC10_P0621,10,大田农作物 (通用耕地),1.0,9.6,0.64,6400.0,366.1,0.6,良 (标准规整农机作业区),-13.267601,16.168517
GLC10_P0622,10,大田农作物 (通用耕地),1.0,9.6,0.64,6400.0,433.6,0.428,良 (标准规整农机作业区),-13.824668,16.599914
GLC10_P0623,10,大田农作物 (通用耕地),1.0,9.6,0.64,6400.0,364.6,0.605,良 (标准规整农机作业区),-12.713996,16.142402
GLC10_P0624,10,大田农作物 (通用耕地),1.0,9.6,0.64,6400.0,398.8,0.506,良 (标准规整农机作业区),-12.237452,17.952576
GLC10_P0625,10,大田农作物 (通用耕地),1.0,9.6,0.64,6400.0,319.3,0.789,良 (标准规整农机作业区),-13.44907,16.14787
GLC10_P0626,10,大田农作物 (通用耕地),1.0,9.45,0.63,6300.0,326.6,0.742,良 (标准规整农机作业区),-12.174301,17.860271
GLC10_P0627,10,大田农作物 (通用耕地),1.0,9.45,0.63,6300.0,419.2,0.45,良 (标准规整农机作业区),-13.167458,16.178035
GLC10_P0628,10,大田农作物 (通用耕地),1.0,9.45,0.63,6300.0,330.4,0.725,良 (标准规整农机作业区),-13.201478,16.185914
GLC10_P0629,10,大田农作物 (通用耕地),1.0,9.45,0.63,6300.0,384.9,0.535,良 (标准规整农机作业区),-13.154625,16.204374
GLC10_P0630,10,大田农作物 (通用耕地),1.0,9.45,0.63,6300.0,393.1,0.512,良 (标准规整农机作业区),-13.816724,16.101031
GLC10_P0631,10,大田农作物 (通用耕地),1.0,9.45,0.63,6300.0,278.9,1.0,良 (标准规整农机作业区),-12.713791,16.140464
GLC10_P0632,10,大田农作物 (通用耕地),1.0,9.45,0.63,6300.0,363.0,0.601,良 (标准规整农机作业区),-13.119062,16.214753
GLC10_P0633,10,大田农作物 (通用耕地),1.0,9.45,0.63,6300.0,320.8,0.769,良 (标准规整农机作业区),-13.467203,16.13669
GLC10_P0634,10,大田农作物 (通用耕地),1.0,9.45,0.63,6300.0,343.4,0.671,良 (标准规整农机作业区),-13.099693,16.206634
GLC10_P0635,10,大田农作物 (通用耕地),1.0,9.45,0.63,6300.0,407.1,0.478,良 (标准规整农机作业区),-13.941126,16.12501
GLC10_P0636,10,大田农作物 (通用耕地),1.0,9.45,0.63,6300.0,300.2,0.878,良 (标准规整农机作业区),-13.089523,16.202046
GLC10_P0637,10,大田农作物 (通用耕地),1.0,9.3,0.62,6200.0,349.9,0.636,良 (标准规整农机作业区),-12.858583,17.044811
GLC10_P0638,10,大田农作物 (通用耕地),1.0,9.3,0.62,6200.0,309.4,0.814,良 (标准规整农机作业区),-12.901309,17.060613
GLC10_P0639,10,大田农作物 (通用耕地),1.0,9.3,0.62,6200.0,379.4,0.541,良 (标准规整农机作业区),-13.238215,16.186918
GLC10_P0640,10,大田农作物 (通用耕地),0.984,9.3,0.62,6200.0,344.9,0.655,良 (标准规整农机作业区),-12.765009,17.099552
GLC10_P0641,10,大田农作物 (通用耕地),1.0,9.3,0.62,6200.0,333.9,0.699,良 (标准规整农机作业区),-13.45007,16.132727
GLC10_P0642,10,大田农作物 (通用耕地),1.0,9.3,0.62,6200.0,366.2,0.581,良 (标准规整农机作业区),-13.386225,16.004437
GLC10_P0643,10,大田农作物 (通用耕地),1.0,9.3,0.62,6200.0,327.0,0.728,良 (标准规整农机作业区),-13.401874,16.157123
GLC10_P0644,10,大田农作物 (通用耕地),1.0,9.3,0.62,6200.0,333.7,0.7,良 (标准规整农机作业区),-13.202034,16.17788
GLC10_P0645,10,大田农作物 (通用耕地),1.0,9.3,0.62,6200.0,379.6,0.541,良 (标准规整农机作业区),-13.270969,16.195766
GLC10_P0646,10,大田农作物 (通用耕地),1.0,9.15,0.61,6100.0,353.5,0.613,良 (标准规整农机作业区),-12.695002,17.400883
GLC10_P0647,10,大田农作物 (通用耕地),1.0,9.15,0.61,6100.0,366.8,0.57,良 (标准规整农机作业区),-13.008788,16.535406
GLC10_P0648,10,大田农作物 (通用耕地),1.0,9.15,0.61,6100.0,388.6,0.508,良 (标准规整农机作业区),-13.531988,16.434973
GLC10_P0649,10,大田农作物 (通用耕地),1.0,9.15,0.61,6100.0,357.6,0.6,良 (标准规整农机作业区),-13.615619,16.611378
GLC10_P0650,10,大田农作物 (通用耕地),1.0,9.15,0.61,6100.0,364.3,0.578,良 (标准规整农机作业区),-12.752726,16.114726
GLC10_P0651,10,大田农作物 (通用耕地),1.0,9.15,0.61,6100.0,478.3,0.335,良 (标准规整农机作业区),-12.469159,16.212709
GLC10_P0652,10,大田农作物 (通用耕地),1.0,9.15,0.61,6100.0,427.5,0.419,良 (标准规整农机作业区),-13.93536,16.292332
GLC10_P0653,10,大田农作物 (通用耕地),1.0,9.0,0.6,6000.0,403.2,0.464,良 (标准规整农机作业区),-13.252946,16.18318
GLC10_P0654,10,大田农作物 (通用耕地),1.0,9.0,0.6,6000.0,370.7,0.549,良 (标准规整农机作业区),-12.693892,17.101462
GLC10_P0655,10,大田农作物 (通用耕地),1.0,9.0,0.6,6000.0,456.9,0.361,良 (标准规整农机作业区),-12.993047,16.47363
GLC10_P0656,10,大田农作物 (通用耕地),1.0,9.0,0.6,6000.0,300.2,0.837,良 (标准规整农机作业区),-13.100763,17.483964
GLC10_P0657,10,大田农作物 (通用耕地),1.0,9.0,0.6,6000.0,309.1,0.789,良 (标准规整农机作业区),-13.88603,16.123097
GLC10_P0658,10,大田农作物 (通用耕地),1.0,9.0,0.6,6000.0,334.1,0.676,良 (标准规整农机作业区),-13.509649,16.043221
GLC10_P0659,10,大田农作物 (通用耕地),1.0,9.0,0.6,6000.0,277.0,0.983,良 (标准规整农机作业区),-13.776227,16.104964
GLC10_P0660,10,大田农作物 (通用耕地),1.0,9.0,0.6,6000.0,377.0,0.531,良 (标准规整农机作业区),-12.963624,16.212928
GLC10_P0661,10,大田农作物 (通用耕地),1.0,9.0,0.6,6000.0,331.1,0.688,良 (标准规整农机作业区),-13.779207,16.088576
GLC10_P0662,10,大田农作物 (通用耕地),1.0,9.0,0.6,6000.0,429.8,0.408,良 (标准规整农机作业区),-13.92013,16.068564
GLC10_P0663,10,大田农作物 (通用耕地),1.0,9.0,0.6,6000.0,286.0,0.922,良 (标准规整农机作业区),-13.245319,16.189147
GLC10_P0664,10,大田农作物 (通用耕地),1.0,9.0,0.6,6000.0,356.0,0.595,良 (标准规整农机作业区),-12.525843,16.181927
GLC10_P0665,10,大田农作物 (通用耕地),1.0,9.0,0.6,6000.0,291.5,0.887,良 (标准规整农机作业区),-13.807575,16.072503
GLC10_P0666,10,大田农作物 (通用耕地),1.0,8.85,0.59,5900.0,412.2,0.436,良 (标准规整农机作业区),-13.008228,16.534728
GLC10_P0667,10,大田农作物 (通用耕地),1.0,8.85,0.59,5900.0,307.9,0.782,良 (标准规整农机作业区),-13.460781,16.132293
GLC10_P0668,10,大田农作物 (通用耕地),1.0,8.85,0.59,5900.0,341.5,0.636,良 (标准规整农机作业区),-12.858544,17.043978
GLC10_P0669,10,大田农作物 (通用耕地),1.0,8.85,0.59,5900.0,369.3,0.544,良 (标准规整农机作业区),-13.613494,16.603501
GLC10_P0670,10,大田农作物 (通用耕地),1.0,8.85,0.59,5900.0,330.4,0.679,良 (标准规整农机作业区),-13.381255,16.927658
GLC10_P0671,10,大田农作物 (通用耕地),0.983,8.85,0.59,5900.0,345.2,0.622,良 (标准规整农机作业区),-13.165945,16.183324
GLC10_P0672,10,大田农作物 (通用耕地),1.0,8.85,0.59,5900.0,331.7,0.674,良 (标准规整农机作业区),-13.739419,16.084548
GLC10_P0673,10,大田农作物 (通用耕地),1.0,8.7,0.58,5800.0,292.2,0.854,良 (标准规整农机作业区),-13.461109,16.158291
GLC10_P0674,10,大田农作物 (通用耕地),1.0,8.7,0.58,5800.0,394.8,0.468,良 (标准规整农机作业区),-13.472076,16.08822
GLC10_P0675,10,大田农作物 (通用耕地),1.0,8.7,0.58,5800.0,315.4,0.733,良 (标准规整农机作业区),-13.100068,16.214238
GLC10_P0676,10,大田农作物 (通用耕地),1.0,8.7,0.58,5800.0,325.2,0.689,良 (标准规整农机作业区),-13.871063,16.175451
GLC10_P0677,10,大田农作物 (通用耕地),1.0,8.7,0.58,5800.0,325.4,0.688,良 (标准规整农机作业区),-13.721757,16.17661
GLC10_P0678,10,大田农作物 (通用耕地),1.0,8.7,0.58,5800.0,319.9,0.712,良 (标准规整农机作业区),-13.202065,16.210443
GLC10_P0679,10,大田农作物 (通用耕地),1.0,8.7,0.58,5800.0,288.0,0.879,良 (标准规整农机作业区),-13.409018,16.926135
GLC10_P0680,10,大田农作物 (通用耕地),1.0,8.7,0.58,5800.0,440.3,0.376,良 (标准规整农机作业区),-12.94592,16.15775
GLC10_P0681,10,大田农作物 (通用耕地),1.0,8.7,0.58,5800.0,334.9,0.65,良 (标准规整农机作业区),-12.751803,16.117763
GLC10_P0682,10,大田农作物 (通用耕地),1.0,8.7,0.58,5800.0,316.4,0.728,良 (标准规整农机作业区),-13.778354,16.15607
GLC10_P0683,10,大田农作物 (通用耕地),1.0,8.7,0.58,5800.0,353.1,0.585,良 (标准规整农机作业区),-13.276684,16.19898
GLC10_P0684,10,大田农作物 (通用耕地),1.0,8.7,0.58,5800.0,346.9,0.606,良 (标准规整农机作业区),-13.450559,16.068938
GLC10_P0685,10,大田农作物 (通用耕地),1.0,8.7,0.58,5800.0,361.4,0.558,良 (标准规整农机作业区),-13.941577,16.279499
GLC10_P0686,10,大田农作物 (通用耕地),1.0,8.55,0.57,5700.0,326.6,0.671,良 (标准规整农机作业区),-12.752266,16.012955
GLC10_P0687,10,大田农作物 (通用耕地),1.0,8.55,0.57,5700.0,398.6,0.451,良 (标准规整农机作业区),-13.452285,16.880328
GLC10_P0688,10,大田农作物 (通用耕地),1.0,8.55,0.57,5700.0,269.8,0.984,良 (标准规整农机作业区),-13.76918,16.10125
GLC10_P0689,10,大田农作物 (通用耕地),1.0,8.55,0.57,5700.0,314.8,0.723,良 (标准规整农机作业区),-13.66167,16.104377
GLC10_P0690,10,大田农作物 (通用耕地),1.0,8.55,0.57,5700.0,345.1,0.602,良 (标准规整农机作业区),-13.264937,16.188635
GLC10_P0691,10,大田农作物 (通用耕地),1.0,8.55,0.57,5700.0,363.3,0.543,良 (标准规整农机作业区),-13.934093,16.288967
GLC10_P0692,10,大田农作物 (通用耕地),1.0,8.55,0.57,5700.0,301.1,0.79,良 (标准规整农机作业区),-12.852264,17.044295
GLC10_P0693,10,大田农作物 (通用耕地),1.0,8.55,0.57,5700.0,327.9,0.666,良 (标准规整农机作业区),-13.401361,16.158106
GLC10_P0694,10,大田农作物 (通用耕地),0.982,8.55,0.57,5700.0,342.4,0.611,良 (标准规整农机作业区),-12.694408,17.10224
GLC10_P0695,10,大田农作物 (通用耕地),1.0,8.55,0.57,5700.0,394.8,0.46,良 (标准规整农机作业区),-13.462706,16.158502
GLC10_P0696,10,大田农作物 (通用耕地),1.0,8.55,0.57,5700.0,286.6,0.872,良 (标准规整农机作业区),-13.647284,16.108776
GLC10_P0697,10,大田农作物 (通用耕地),1.0,8.4,0.56,5600.0,455.2,0.34,良 (标准规整农机作业区),-13.549781,16.088554
GLC10_P0698,10,大田农作物 (通用耕地),1.0,8.4,0.56,5600.0,328.7,0.651,良 (标准规整农机作业区),-13.524349,16.095409
GLC10_P0699,10,大田农作物 (通用耕地),1.0,8.4,0.56,5600.0,312.3,0.721,良 (标准规整农机作业区),-13.479096,16.051111
GLC10_P0700,10,大田农作物 (通用耕地),1.0,8.4,0.56,5600.0,377.6,0.493,良 (标准规整农机作业区),-13.883805,16.218228
GLC10_P0701,10,大田农作物 (通用耕地),1.0,8.4,0.56,5600.0,332.4,0.637,良 (标准规整农机作业区),-13.369458,16.180871
GLC10_P0702,10,大田农作物 (通用耕地),1.0,8.4,0.56,5600.0,309.6,0.734,良 (标准规整农机作业区),-12.810089,16.369664
GLC10_P0703,10,大田农作物 (通用耕地),1.0,8.4,0.56,5600.0,302.4,0.769,良 (标准规整农机作业区),-13.258161,16.179191
GLC10_P0704,10,大田农作物 (通用耕地),1.0,8.4,0.56,5600.0,355.9,0.556,良 (标准规整农机作业区),-13.281462,16.185775
GLC10_P0705,10,大田农作物 (通用耕地),1.0,8.4,0.56,5600.0,340.6,0.606,良 (标准规整农机作业区),-13.201377,16.173343
GLC10_P0706,10,大田农作物 (通用耕地),1.0,8.4,0.56,5600.0,310.5,0.73,良 (标准规整农机作业区),-13.613503,16.612026
GLC10_P0707,10,大田农作物 (通用耕地),1.0,8.4,0.56,5600.0,311.9,0.723,良 (标准规整农机作业区),-13.788483,16.111906
GLC10_P0708,10,大田农作物 (通用耕地),1.0,8.25,0.55,5500.0,392.9,0.448,良 (标准规整农机作业区),-13.820606,16.106547
GLC10_P0709,10,大田农作物 (通用耕地),0.964,8.25,0.55,5500.0,301.9,0.759,良 (标准规整农机作业区),-12.469582,16.214147
GLC10_P0710,10,大田农作物 (通用耕地),1.0,8.25,0.55,5500.0,362.8,0.525,良 (标准规整农机作业区),-13.93918,16.279563
GLC10_P0711,10,大田农作物 (通用耕地),1.0,8.25,0.55,5500.0,295.2,0.793,良 (标准规整农机作业区),-12.611289,16.018054
GLC10_P0712,10,大田农作物 (通用耕地),1.0,8.25,0.55,5500.0,343.1,0.587,良 (标准规整农机作业区),-12.735893,16.117708
GLC10_P0713,10,大田农作物 (通用耕地),1.0,8.25,0.55,5500.0,336.5,0.61,良 (标准规整农机作业区),-12.376217,16.213259
GLC10_P0714,10,大田农作物 (通用耕地),1.0,8.25,0.55,5500.0,354.2,0.551,良 (标准规整农机作业区),-13.970108,16.312463
GLC10_P0715,10,大田农作物 (通用耕地),1.0,8.25,0.55,5500.0,371.7,0.5,良 (标准规整农机作业区),-12.159823,17.865153
GLC10_P0716,10,大田农作物 (通用耕地),1.0,8.25,0.55,5500.0,352.2,0.557,良 (标准规整农机作业区),-13.472429,16.092965
GLC10_P0717,10,大田农作物 (通用耕地),1.0,8.1,0.54,5400.0,297.7,0.766,良 (标准规整农机作业区),-13.467875,16.157403
GLC10_P0718,10,大田农作物 (通用耕地),1.0,8.1,0.54,5400.0,314.9,0.684,良 (标准规整农机作业区),-12.94745,16.158791
GLC10_P0719,10,大田农作物 (通用耕地),1.0,8.1,0.54,5400.0,372.4,0.489,良 (标准规整农机作业区),-13.116873,16.206024
GLC10_P0720,10,大田农作物 (通用耕地),1.0,8.1,0.54,5400.0,329.1,0.627,良 (标准规整农机作业区),-13.414208,16.09134
GLC10_P0721,10,大田农作物 (通用耕地),1.0,8.1,0.54,5400.0,264.4,0.971,良 (标准规整农机作业区),-13.100276,16.219292
GLC10_P0722,10,大田农作物 (通用耕地),1.0,8.1,0.54,5400.0,341.3,0.583,良 (标准规整农机作业区),-13.930323,16.287244
GLC10_P0723,10,大田农作物 (通用耕地),1.0,8.1,0.54,5400.0,333.0,0.612,良 (标准规整农机作业区),-12.377011,16.212903
GLC10_P0724,10,大田农作物 (通用耕地),1.0,8.1,0.54,5400.0,324.2,0.646,良 (标准规整农机作业区),-13.302537,16.193194
GLC10_P0725,10,大田农作物 (通用耕地),1.0,8.1,0.54,5400.0,311.0,0.702,良 (标准规整农机作业区),-12.9577,16.191858
GLC10_P0726,10,大田农作物 (通用耕地),1.0,8.1,0.54,5400.0,345.7,0.568,良 (标准规整农机作业区),-12.1752,17.881717
GLC10_P0727,10,大田农作物 (通用耕地),1.0,8.1,0.54,5400.0,269.8,0.932,良 (标准规整农机作业区),-12.712083,16.126296
GLC10_P0728,10,大田农作物 (通用耕地),1.0,8.1,0.54,5400.0,370.4,0.495,良 (标准规整农机作业区),-13.98918,17.100273
GLC10_P0729,10,大田农作物 (通用耕地),1.0,8.1,0.54,5400.0,310.4,0.704,良 (标准规整农机作业区),-13.390739,16.922649
GLC10_P0730,10,大田农作物 (通用耕地),1.0,8.1,0.54,5400.0,280.5,0.863,良 (标准规整农机作业区),-13.434248,16.142634
GLC10_P0731,10,大田农作物 (通用耕地),1.0,8.1,0.54,5400.0,295.0,0.78,良 (标准规整农机作业区),-12.697578,17.110332
GLC10_P0732,10,大田农作物 (通用耕地),1.0,8.1,0.54,5400.0,303.1,0.739,良 (标准规整农机作业区),-12.72603,16.131751
GLC10_P0733,10,大田农作物 (通用耕地),1.0,7.95,0.53,5300.0,268.3,0.925,良 (标准规整农机作业区),-13.098302,17.485032
GLC10_P0734,10,大田农作物 (通用耕地),1.0,7.95,0.53,5300.0,317.2,0.662,良 (标准规整农机作业区),-13.266237,16.162362
GLC10_P0735,10,大田农作物 (通用耕地),1.0,7.95,0.53,5300.0,290.4,0.79,良 (标准规整农机作业区),-13.456136,16.13232
GLC10_P0736,10,大田农作物 (通用耕地),1.0,7.95,0.53,5300.0,373.0,0.479,良 (标准规整农机作业区),-12.605788,16.066401
GLC10_P0737,10,大田农作物 (通用耕地),1.0,7.95,0.53,5300.0,333.6,0.598,良 (标准规整农机作业区),-12.926482,17.054517
GLC10_P0738,10,大田农作物 (通用耕地),1.0,7.95,0.53,5300.0,340.9,0.573,良 (标准规整农机作业区),-12.32693,17.245123
GLC10_P0739,10,大田农作物 (通用耕地),1.0,7.95,0.53,5300.0,365.2,0.499,良 (标准规整农机作业区),-13.289735,16.186727
GLC10_P0740,10,大田农作物 (通用耕地),1.0,7.95,0.53,5300.0,300.2,0.739,良 (标准规整农机作业区),-13.24406,16.189099
GLC10_P0741,10,大田农作物 (通用耕地),1.0,7.8,0.52,5200.0,336.3,0.578,良 (标准规整农机作业区),-13.198202,16.170738
GLC10_P0742,10,大田农作物 (通用耕地),1.0,7.8,0.52,5200.0,380.1,0.452,良 (标准规整农机作业区),-13.65379,16.009817
GLC10_P0743,10,大田农作物 (通用耕地),1.0,7.8,0.52,5200.0,334.3,0.585,良 (标准规整农机作业区),-13.553841,16.083468
GLC10_P0744,10,大田农作物 (通用耕地),1.0,7.8,0.52,5200.0,315.2,0.658,良 (标准规整农机作业区),-13.626388,16.001516
GLC10_P0745,10,大田农作物 (通用耕地),1.0,7.8,0.52,5200.0,282.2,0.821,良 (标准规整农机作业区),-12.851867,17.047154
GLC10_P0746,10,大田农作物 (通用耕地),1.0,7.8,0.52,5200.0,287.5,0.791,良 (标准规整农机作业区),-13.398373,16.018502
GLC10_P0747,10,大田农作物 (通用耕地),1.0,7.8,0.52,5200.0,268.5,0.907,良 (标准规整农机作业区),-13.470386,16.059211
GLC10_P0748,10,大田农作物 (通用耕地),1.0,7.8,0.52,5200.0,283.1,0.815,良 (标准规整农机作业区),-13.890923,16.123764
GLC10_P0749,10,大田农作物 (通用耕地),1.0,7.8,0.52,5200.0,364.6,0.492,良 (标准规整农机作业区),-12.438306,16.24593
GLC10_P0750,10,大田农作物 (通用耕地),1.0,7.8,0.52,5200.0,312.5,0.669,良 (标准规整农机作业区),-12.738476,16.153934
GLC10_P0751,10,大田农作物 (通用耕地),1.0,7.8,0.52,5200.0,327.8,0.608,良 (标准规整农机作业区),-13.305056,16.202616
GLC10_P0752,10,大田农作物 (通用耕地),1.0,7.8,0.52,5200.0,314.2,0.662,良 (标准规整农机作业区),-13.245402,16.18227
GLC10_P0753,10,大田农作物 (通用耕地),1.0,7.8,0.52,5200.0,329.4,0.602,良 (标准规整农机作业区),-13.306281,16.191142
GLC10_P0754,10,大田农作物 (通用耕地),1.0,7.8,0.52,5200.0,260.1,0.966,良 (标准规整农机作业区),-12.816267,16.304988
GLC10_P0755,10,大田农作物 (通用耕地),1.0,7.8,0.52,5200.0,320.3,0.637,良 (标准规整农机作业区),-13.277134,16.153977
GLC10_P0756,10,大田农作物 (通用耕地),1.0,7.65,0.51,5100.0,274.8,0.848,良 (标准规整农机作业区),-13.072394,17.14416
GLC10_P0757,10,大田农作物 (通用耕地),1.0,7.65,0.51,5100.0,281.9,0.807,良 (标准规整农机作业区),-13.109425,16.219448
GLC10_P0758,10,大田农作物 (通用耕地),1.0,7.65,0.51,5100.0,300.7,0.709,良 (标准规整农机作业区),-12.93944,16.475277
GLC10_P0759,10,大田农作物 (通用耕地),1.0,7.65,0.51,5100.0,294.5,0.739,良 (标准规整农机作业区),-13.499387,16.44375
GLC10_P0760,10,大田农作物 (通用耕地),1.0,7.65,0.51,5100.0,279.8,0.819,良 (标准规整农机作业区),-12.803565,16.240876
GLC10_P0761,10,大田农作物 (通用耕地),1.0,7.65,0.51,5100.0,316.3,0.641,良 (标准规整农机作业区),-12.751304,17.198908
GLC10_P0762,10,大田农作物 (通用耕地),1.0,7.65,0.51,5100.0,267.8,0.894,良 (标准规整农机作业区),-12.608057,16.033238
GLC10_P0763,10,大田农作物 (通用耕地),1.0,7.65,0.51,5100.0,390.8,0.42,良 (标准规整农机作业区),-13.621723,16.609557
GLC10_P0764,10,大田农作物 (通用耕地),1.0,7.65,0.51,5100.0,361.0,0.492,良 (标准规整农机作业区),-13.010589,16.538814
GLC10_P0765,10,大田农作物 (通用耕地),1.0,7.5,0.5,5000.0,313.9,0.638,良 (标准规整农机作业区),-13.385366,16.925075
GLC10_P0766,10,大田农作物 (通用耕地),1.0,7.5,0.5,5000.0,374.4,0.448,良 (标准规整农机作业区),-13.971111,17.08493
GLC10_P0767,10,大田农作物 (通用耕地),1.0,7.5,0.5,5000.0,310.3,0.653,良 (标准规整农机作业区),-12.238913,16.203433
GLC10_P0768,10,大田农作物 (通用耕地),1.0,7.5,0.5,5000.0,266.8,0.883,良 (标准规整农机作业区),-13.438785,16.045297
GLC10_P0769,10,大田农作物 (通用耕地),1.0,7.5,0.5,5000.0,257.7,0.946,良 (标准规整农机作业区),-13.465679,16.090734
GLC10_P0770,10,大田农作物 (通用耕地),1.0,7.5,0.5,5000.0,293.9,0.727,良 (标准规整农机作业区),-13.471881,16.092563
GLC10_P0771,10,大田农作物 (通用耕地),1.0,7.5,0.5,5000.0,274.8,0.832,良 (标准规整农机作业区),-13.937357,16.156657
GLC10_P0772,10,大田农作物 (通用耕地),1.0,7.5,0.5,5000.0,325.6,0.593,良 (标准规整农机作业区),-12.326319,17.245987
GLC10_P0773,10,大田农作物 (通用耕地),1.0,7.5,0.5,5000.0,280.9,0.796,良 (标准规整农机作业区),-13.100692,17.492992
GLC10_P0774,10,大田农作物 (通用耕地),1.0,7.5,0.5,5000.0,332.1,0.57,良 (标准规整农机作业区),-13.973626,16.25093
GLC10_P0775,10,大田农作物 (通用耕地),1.0,7.5,0.5,5000.0,299.0,0.703,良 (标准规整农机作业区),-12.461893,16.216212
GLC10_P0776,10,大田农作物 (通用耕地),1.0,7.5,0.5,5000.0,327.2,0.587,良 (标准规整农机作业区),-13.079617,17.502974
GLC10_P0777,10,大田农作物 (通用耕地),1.0,7.5,0.5,5000.0,439.5,0.325,良 (标准规整农机作业区),-13.887466,16.124022
GLC10_P0778,10,大田农作物 (通用耕地),1.0,7.5,0.5,5000.0,284.0,0.779,良 (标准规整农机作业区),-12.993889,16.321329
GLC10_P0779,10,大田农作物 (通用耕地),1.0,7.5,0.5,5000.0,314.9,0.634,良 (标准规整农机作业区),-13.994293,17.11572
GLC10_P0780,10,大田农作物 (通用耕地),1.0,7.5,0.5,5000.0,360.4,0.484,良 (标准规整农机作业区),-12.918895,16.136453
GLC10_P0781,10,大田农作物 (通用耕地),1.0,7.5,0.5,5000.0,275.3,0.829,良 (标准规整农机作业区),-13.972786,17.092051
GLC10_P0782,10,大田农作物 (通用耕地),1.0,7.5,0.5,5000.0,331.4,0.572,良 (标准规整农机作业区),-13.60066,16.016014
GLC10_P0783,10,大田农作物 (通用耕地),1.0,7.5,0.5,5000.0,312.7,0.643,良 (标准规整农机作业区),-13.772441,16.108456
GLC10_P0784,10,大田农作物 (通用耕地),1.0,7.5,0.5,5000.0,284.5,0.776,良 (标准规整农机作业区),-13.360077,16.177886
GLC10_P0785,10,大田农作物 (通用耕地),1.0,7.35,0.49,4900.0,344.1,0.52,良 (标准规整农机作业区),-13.091947,17.495686
GLC10_P0786,10,大田农作物 (通用耕地),1.0,7.35,0.49,4900.0,327.8,0.573,良 (标准规整农机作业区),-13.31731,16.209376
GLC10_P0787,10,大田农作物 (通用耕地),1.0,7.35,0.49,4900.0,325.6,0.581,良 (标准规整农机作业区),-13.980752,17.078223
GLC10_P0788,10,大田农作物 (通用耕地),1.0,7.35,0.49,4900.0,295.2,0.707,良 (标准规整农机作业区),-12.859527,17.044429
GLC10_P0789,10,大田农作物 (通用耕地),1.0,7.35,0.49,4900.0,359.3,0.477,良 (标准规整农机作业区),-13.30635,16.194675
GLC10_P0790,10,大田农作物 (通用耕地),0.98,7.35,0.49,4900.0,325.8,0.58,良 (标准规整农机作业区),-13.611363,16.607734
GLC10_P0791,10,大田农作物 (通用耕地),1.0,7.35,0.49,4900.0,297.8,0.694,良 (标准规整农机作业区),-13.037859,17.139608
GLC10_P0792,10,大田农作物 (通用耕地),1.0,7.35,0.49,4900.0,309.3,0.644,良 (标准规整农机作业区),-12.470206,16.210695
GLC10_P0793,10,大田农作物 (通用耕地),1.0,7.2,0.48,4800.0,339.8,0.523,良 (标准规整农机作业区),-13.470826,16.167262
GLC10_P0794,10,大田农作物 (通用耕地),1.0,7.2,0.48,4800.0,276.5,0.789,良 (标准规整农机作业区),-13.423602,16.910006
GLC10_P0795,10,大田农作物 (通用耕地),1.0,7.2,0.48,4800.0,368.9,0.443,良 (标准规整农机作业区),-12.015871,16.328022
GLC10_P0796,10,大田农作物 (通用耕地),1.0,7.2,0.48,4800.0,326.5,0.566,良 (标准规整农机作业区),-13.08598,17.121255
GLC10_P0797,10,大田农作物 (通用耕地),1.0,7.2,0.48,4800.0,249.6,0.968,良 (标准规整农机作业区),-13.412097,16.926802
GLC10_P0798,10,大田农作物 (通用耕地),1.0,7.2,0.48,4800.0,244.2,1.0,良 (标准规整农机作业区),-12.896129,16.42544
GLC10_P0799,10,大田农作物 (通用耕地),1.0,7.2,0.48,4800.0,386.5,0.404,良 (标准规整农机作业区),-13.884197,16.21764
GLC10_P0800,10,大田农作物 (通用耕地),1.0,7.2,0.48,4800.0,309.2,0.631,良 (标准规整农机作业区),-13.376112,16.935974
